-- MySQL dump 10.14  Distrib 5.5.47-MariaDB, for debian-linux-gnu (x86_64)
--
-- Host: localhost    Database: db_passi
-- ------------------------------------------------------
-- Server version	5.5.47-MariaDB-1~wheezy-log

/*!40101 SET @OLD_CHARACTER_SET_CLIENT=@@CHARACTER_SET_CLIENT */;
/*!40101 SET @OLD_CHARACTER_SET_RESULTS=@@CHARACTER_SET_RESULTS */;
/*!40101 SET @OLD_COLLATION_CONNECTION=@@COLLATION_CONNECTION */;
/*!40101 SET NAMES utf8 */;
/*!40103 SET @OLD_TIME_ZONE=@@TIME_ZONE */;
/*!40103 SET TIME_ZONE='+00:00' */;
/*!40014 SET @OLD_UNIQUE_CHECKS=@@UNIQUE_CHECKS, UNIQUE_CHECKS=0 */;
/*!40014 SET @OLD_FOREIGN_KEY_CHECKS=@@FOREIGN_KEY_CHECKS, FOREIGN_KEY_CHECKS=0 */;
/*!40101 SET @OLD_SQL_MODE=@@SQL_MODE, SQL_MODE='NO_AUTO_VALUE_ON_ZERO' */;
/*!40111 SET @OLD_SQL_NOTES=@@SQL_NOTES, SQL_NOTES=0 */;

--
-- Table structure for table `answerpoints`
--

DROP TABLE IF EXISTS `answerpoints`;
/*!40101 SET @saved_cs_client     = @@character_set_client */;
/*!40101 SET character_set_client = utf8 */;
CREATE TABLE `answerpoints` (
  `answerpoint_id` int(11) NOT NULL AUTO_INCREMENT,
  `answer_text` varchar(500) COLLATE utf8_swedish_ci NOT NULL,
  `instructor_comment` varchar(1000) COLLATE utf8_swedish_ci NOT NULL DEFAULT '',
  `instructor_rating` tinyint(4) NOT NULL DEFAULT '0',
  `image_url` varchar(80) COLLATE utf8_swedish_ci DEFAULT NULL,
  `answersheet_id` int(11) NOT NULL,
  `waypoint_id` int(11) NOT NULL,
  `option_id` int(11) NOT NULL,
  PRIMARY KEY (`answerpoint_id`),
  KEY `fk_answerpoints_answersheets` (`answersheet_id`),
  KEY `fk_answerpoints_waypoints` (`waypoint_id`),
  KEY `fk_answerpoints_options` (`option_id`),
  CONSTRAINT `fk_answerpoints_answersheets` FOREIGN KEY (`answersheet_id`) REFERENCES `answersheets` (`answersheet_id`) ON DELETE CASCADE,
  CONSTRAINT `fk_answerpoints_options` FOREIGN KEY (`option_id`) REFERENCES `options` (`option_id`),
  CONSTRAINT `fk_answerpoints_waypoints` FOREIGN KEY (`waypoint_id`) REFERENCES `waypoints` (`waypoint_id`)
) ENGINE=InnoDB AUTO_INCREMENT=562 DEFAULT CHARSET=utf8 COLLATE=utf8_swedish_ci;
/*!40101 SET character_set_client = @saved_cs_client */;

--
-- Dumping data for table `answerpoints`
--

LOCK TABLES `answerpoints` WRITE;
/*!40000 ALTER TABLE `answerpoints` DISABLE KEYS */;
INSERT INTO `answerpoints` VALUES (90,'Oma vastaus ensimmäiseen etappiin.','asdfasdfasfaaasdasdasd',1,'1-5.jpg',24,1,2),(91,'Oma vastaus toiseen etappiin.','Hyvä vastaus. Niin sitä pitää! Piruillessani annan kuitenkin punaisen.',1,'2-5.jpg',24,2,6),(92,'Oma vastaus kolmanteen etappiin.','Hyvä kuva sairaalavuoteesta. Tuossa saisi hyvät päikkärit.',1,'3-5.jpg',24,3,7),(93,'Oma vastaus neljänteen etappiin.','Tässä ei ole korjattavaa.',3,'4-5.jpg',24,4,11),(94,'Oma vastaus viidenteen etappiin.','Totta. Tässä tulisi olla viihtyisämpi tupakkapaikka.',1,'5-5.jpg',24,5,15),(539,'Jfkfjgg','Kelvoton vastaus!',3,'13-5.jpg',115,13,37),(540,'Kfjgjhg','Mitä sikailua tämä on?',3,'14-5.jpg',115,14,41),(541,'C ku dkxjc','Terveydenhoitaja auttaa myös psyykkisissä ongelmissa 09-12.',3,'15-5.jpg',115,15,43),(547,'vob','Näköjään vintti on pimentynyt?',2,'11-5.jpg',117,11,32),(548,'ibibk','Suosittelen kytkemään valot päälle valokuvauksen ajaksi.',2,'12-5.jpg',117,12,34),(554,' tyt4','',0,'',119,83,246),(555,'hh','Ui juma',1,'92-5.jpg',120,92,273),(556,'jj\n','Jaaaapajaapa',2,'',120,93,276),(557,'vVB','jh',1,'',121,9,25),(558,'jsjsjj','kjnbbnbnb',1,'',121,10,29),(559,'jjsjs','hhffhfhfh',3,'22-5.jpg',122,22,64),(560,'hSj','',0,'23-5.jpg',122,23,68),(561,'vzsj','',0,'24-5.jpg',122,24,71);
/*!40000 ALTER TABLE `answerpoints` ENABLE KEYS */;
UNLOCK TABLES;

--
-- Table structure for table `answersheets`
--

DROP TABLE IF EXISTS `answersheets`;
/*!40101 SET @saved_cs_client     = @@character_set_client */;
/*!40101 SET character_set_client = utf8 */;
CREATE TABLE `answersheets` (
  `answersheet_id` int(11) NOT NULL AUTO_INCREMENT,
  `planning` varchar(1000) COLLATE utf8_swedish_ci NOT NULL,
  `instructor_comment` varchar(1000) COLLATE utf8_swedish_ci DEFAULT NULL,
  `timestamp` timestamp NOT NULL DEFAULT CURRENT_TIMESTAMP,
  `worksheet_id` int(11) NOT NULL,
  `group_id` int(11) NOT NULL,
  `user_id` int(11) NOT NULL,
  PRIMARY KEY (`answersheet_id`),
  KEY `fk_answersheets_worksheets` (`worksheet_id`),
  KEY `fk_answersheets_groups` (`group_id`),
  KEY `fk_answersheets_users` (`user_id`),
  CONSTRAINT `fk_answersheets_groups` FOREIGN KEY (`group_id`) REFERENCES `groups` (`group_id`) ON DELETE NO ACTION,
  CONSTRAINT `fk_answersheets_users` FOREIGN KEY (`user_id`) REFERENCES `users` (`user_id`) ON DELETE NO ACTION,
  CONSTRAINT `fk_answersheets_worksheets` FOREIGN KEY (`worksheet_id`) REFERENCES `worksheets` (`worksheet_id`) ON DELETE NO ACTION
) ENGINE=InnoDB AUTO_INCREMENT=123 DEFAULT CHARSET=utf8 COLLATE=utf8_swedish_ci;
/*!40101 SET character_set_client = @saved_cs_client */;

--
-- Dumping data for table `answersheets`
--

LOCK TABLES `answersheets` WRITE;
/*!40000 ALTER TABLE `answersheets` DISABLE KEYS */;
INSERT INTO `answersheets` VALUES (24,'Aloitan turvallisuuskävelyn Kätilöopiston synnytyssalista ja kuljen kahvilan kautta auditorioon.','','2016-10-06 07:27:21',1,2,9),(115,'Halvin f k c b ','','2016-11-01 12:44:15',5,1,5),(117,' j8vj8vj','','2016-11-01 13:11:35',4,1,5),(119,'ybyj','','2016-11-08 10:51:24',27,1,5),(120,'yy','','2016-11-08 11:54:11',37,1,5),(121,'juauw','','2016-11-08 12:04:08',3,1,5),(122,'jsjauau','','2016-11-08 12:37:32',8,1,5);
/*!40000 ALTER TABLE `answersheets` ENABLE KEYS */;
UNLOCK TABLES;

--
-- Table structure for table `categories`
--

DROP TABLE IF EXISTS `categories`;
/*!40101 SET @saved_cs_client     = @@character_set_client */;
/*!40101 SET character_set_client = utf8 */;
CREATE TABLE `categories` (
  `category_id` int(11) NOT NULL AUTO_INCREMENT,
  `category_name` varchar(80) COLLATE utf8_swedish_ci NOT NULL,
  PRIMARY KEY (`category_id`)
) ENGINE=InnoDB AUTO_INCREMENT=6 DEFAULT CHARSET=utf8 COLLATE=utf8_swedish_ci;
/*!40101 SET character_set_client = @saved_cs_client */;

--
-- Dumping data for table `categories`
--

LOCK TABLES `categories` WRITE;
/*!40000 ALTER TABLE `categories` DISABLE KEYS */;
INSERT INTO `categories` VALUES (1,'Ammatin työkykyvalmiudet'),(2,'Työkykyä edistävä liikunta'),(3,'Terveysosaaminen'),(4,'Harrastuneisuus ja yhteistyötaidot'),(5,'Työkykyvalmiuksien vahvistaminen');
/*!40000 ALTER TABLE `categories` ENABLE KEYS */;
UNLOCK TABLES;

--
-- Table structure for table `distros`
--

DROP TABLE IF EXISTS `distros`;
/*!40101 SET @saved_cs_client     = @@character_set_client */;
/*!40101 SET character_set_client = utf8 */;
CREATE TABLE `distros` (
  `group_id` int(11) NOT NULL,
  `worksheet_id` int(11) NOT NULL,
  PRIMARY KEY (`group_id`,`worksheet_id`),
  KEY `fk_distros_worksheets` (`worksheet_id`),
  CONSTRAINT `fk_distros_groups` FOREIGN KEY (`group_id`) REFERENCES `groups` (`group_id`) ON DELETE CASCADE,
  CONSTRAINT `fk_distros_worksheets` FOREIGN KEY (`worksheet_id`) REFERENCES `worksheets` (`worksheet_id`) ON DELETE CASCADE
) ENGINE=InnoDB DEFAULT CHARSET=utf8 COLLATE=utf8_swedish_ci;
/*!40101 SET character_set_client = @saved_cs_client */;

--
-- Dumping data for table `distros`
--

LOCK TABLES `distros` WRITE;
/*!40000 ALTER TABLE `distros` DISABLE KEYS */;
INSERT INTO `distros` VALUES (1,1),(1,2),(1,3),(1,4),(1,5),(1,6),(1,7),(1,8),(1,9),(1,10),(1,11),(1,12),(1,13),(1,14),(1,15),(1,16),(1,17),(1,18),(1,19),(1,20),(1,21),(1,22),(1,23),(1,24),(1,25),(1,26),(1,27),(1,28),(1,29),(1,30),(1,31),(1,32),(1,33),(1,34),(1,35),(1,36),(1,37),(1,38),(1,39),(1,40),(1,41),(1,42),(1,43),(1,44),(1,45),(1,46),(1,47),(1,48),(1,49),(1,50),(1,51),(1,52),(1,53),(1,54),(1,55),(2,1),(3,1);
/*!40000 ALTER TABLE `distros` ENABLE KEYS */;
UNLOCK TABLES;

--
-- Table structure for table `groups`
--

DROP TABLE IF EXISTS `groups`;
/*!40101 SET @saved_cs_client     = @@character_set_client */;
/*!40101 SET character_set_client = utf8 */;
CREATE TABLE `groups` (
  `group_id` int(11) NOT NULL AUTO_INCREMENT,
  `group_name` varchar(80) COLLATE utf8_swedish_ci NOT NULL,
  `group_key` varchar(20) COLLATE utf8_swedish_ci NOT NULL,
  PRIMARY KEY (`group_id`),
  UNIQUE KEY `group_name` (`group_name`)
) ENGINE=InnoDB AUTO_INCREMENT=15 DEFAULT CHARSET=utf8 COLLATE=utf8_swedish_ci;
/*!40101 SET character_set_client = @saved_cs_client */;

--
-- Dumping data for table `groups`
--

LOCK TABLES `groups` WRITE;
/*!40000 ALTER TABLE `groups` DISABLE KEYS */;
INSERT INTO `groups` VALUES (1,'Puualan perustutkinto, Stadin ammattiopisto','kampiakseli'),(2,'Viesti- ja tietoliikennetekniikan perustutkinto, Stadin ammattiopisto','napanuora'),(3,'Autoalan perustutkinto, Omnian ammattiopisto','kauppias');
/*!40000 ALTER TABLE `groups` ENABLE KEYS */;
UNLOCK TABLES;

--
-- Table structure for table `members`
--

DROP TABLE IF EXISTS `members`;
/*!40101 SET @saved_cs_client     = @@character_set_client */;
/*!40101 SET character_set_client = utf8 */;
CREATE TABLE `members` (
  `user_id` int(11) NOT NULL,
  `group_id` int(11) NOT NULL,
  PRIMARY KEY (`user_id`,`group_id`),
  KEY `fk_members_groups` (`group_id`),
  CONSTRAINT `fk_members_groups` FOREIGN KEY (`group_id`) REFERENCES `groups` (`group_id`) ON DELETE CASCADE,
  CONSTRAINT `fk_members_users` FOREIGN KEY (`user_id`) REFERENCES `users` (`user_id`) ON DELETE CASCADE
) ENGINE=InnoDB DEFAULT CHARSET=utf8 COLLATE=utf8_swedish_ci;
/*!40101 SET character_set_client = @saved_cs_client */;

--
-- Dumping data for table `members`
--

LOCK TABLES `members` WRITE;
/*!40000 ALTER TABLE `members` DISABLE KEYS */;
INSERT INTO `members` VALUES (2,1),(2,3),(3,2),(4,3),(5,1),(6,1),(7,1),(8,2),(9,2),(10,2),(11,3),(12,3),(13,3);
/*!40000 ALTER TABLE `members` ENABLE KEYS */;
UNLOCK TABLES;

--
-- Table structure for table `options`
--

DROP TABLE IF EXISTS `options`;
/*!40101 SET @saved_cs_client     = @@character_set_client */;
/*!40101 SET character_set_client = utf8 */;
CREATE TABLE `options` (
  `option_id` int(11) NOT NULL AUTO_INCREMENT,
  `option_text` varchar(255) COLLATE utf8_swedish_ci NOT NULL,
  `waypoint_id` int(11) NOT NULL,
  PRIMARY KEY (`option_id`),
  KEY `fk_options_waypoints` (`waypoint_id`),
  CONSTRAINT `fk_options_waypoints` FOREIGN KEY (`waypoint_id`) REFERENCES `waypoints` (`waypoint_id`) ON DELETE CASCADE
) ENGINE=InnoDB AUTO_INCREMENT=469 DEFAULT CHARSET=utf8 COLLATE=utf8_swedish_ci;
/*!40101 SET character_set_client = @saved_cs_client */;

--
-- Dumping data for table `options`
--

LOCK TABLES `options` WRITE;
/*!40000 ALTER TABLE `options` DISABLE KEYS */;
INSERT INTO `options` VALUES (1,'Hyvin hoidettu',1),(2,'Korjattavaa',1),(3,'Selkeitä puutteita',1),(4,'Hyvin hoidettu',2),(5,'Korjattavaa',2),(6,'Selkeitä puutteita',2),(7,'Hyvin hoidettu',3),(8,'Korjattavaa',3),(9,'Selkeitä puutteita',3),(10,'Hyvin hoidettu',4),(11,'Korjattavaa',4),(12,'Selkeitä puutteita',4),(13,'Hyvin hoidettu',5),(14,'Korjattavaa',5),(15,'Selkeitä puutteita',5),(16,'Tapahtumavaara',6),(17,'Kemialliset ja biologiset vaarat',6),(18,'Muut terveys- ja turvallisuusvaarat ',6),(19,'Tapaturmavaara',7),(20,'Kemialliset ja biologiset vaarat',7),(21,'Muut terveys- ja turvallisuusvaarat ',7),(22,'Tapahtumavaara',8),(23,'Kemialliset ja biologiset vaarat',8),(24,'Muut terveys- ja turvallisuusvaarat ',8),(25,'Kyllä, kiinnitän huomiota vireystilani vahvistamiseen',9),(26,'Kiinnitän huomiota jossain määrin vireystilaani ',9),(27,'En kiinnitä tällä hetkellä huomiota vireystilani tarkkailuun',9),(28,'Kyllä, kiinnitän huomiota vireystilani vahvistamiseen',10),(29,'Kiinnitän huomiota jossain määrin vireystilaani ',10),(30,'En kiinnitä tällä hetkellä huomiota vireystilani tarkkailuun',10),(31,'Kevyt',11),(32,'Kohtalaisen raskas',11),(33,'Raskas ',11),(34,'Kevyt',12),(35,'Kohtalaisen raskas',12),(36,'Raskas ',12),(37,'Paljon valmistelua',13),(38,'Jonkun verran valmistelua',13),(39,'Vähän tai ei lainkaan valmistelua',13),(40,'Tehdään yksin',14),(41,'Tehdään työkaverin tai asiakkaan kanssa',14),(42,'Sekä yksin, että muiden kanssa',14),(43,'Paljon asioita',15),(44,'Jonkun verran asioita',15),(45,'Vähän tai lainkaan asioita',15),(46,'Jatkuvasti',16),(47,'Melko usein',16),(48,'Harvemmin',16),(49,'Jatkuvasti',17),(50,'Melko usein',17),(51,'Harvemmin',17),(52,'Jatkuvasti',18),(53,'Melko usein',18),(54,'Harvemmin',18),(55,'Löysin paljon tietoa',19),(56,'Löysin jossain määrin tietoa',19),(57,'Löysin vähän tai en lainkaan tietoa',19),(58,'Löysin paljon tietoa',20),(59,'Löysin jossain määrin tietoa',20),(60,'Löysin vähän tai en lainkaan tietoa',20),(61,'Löysin paljon tietoa',21),(62,'Löysin jossain määrin tietoa',21),(63,'Löysin vähän tai en lainkaan tietoa',21),(64,' ',22),(65,' ',22),(66,' ',22),(67,' ',23),(68,' ',23),(69,' ',23),(70,' ',24),(71,' ',24),(72,' ',24),(73,'Minulla on kokemus vastaavasta tilanteesta',25),(74,'On kokemus samankaltaisesta tilanteesta',25),(75,'Ei ole kokemuksia ',25),(76,'Minulla on kokemus vastaavasta tilanteesta',26),(77,'On kokemus samankaltaisesta tilanteesta',26),(78,'Ei ole kokemuksia ',26),(79,'Minulla on kokemus vastaavasta tilanteesta',27),(80,'On kokemus samankaltaisesta tilanteesta',27),(81,'Ei ole kokemuksia ',27),(82,'Minulla on kokemus vastaavasta tilanteesta',28),(83,'On kokemus samankaltaisesta tilanteesta',28),(84,'Ei ole kokemuksia ',28),(85,'En kokeillut keinoa',29),(86,'Kokeilin keinoa',29),(87,'Keino oli käytössä säännöllisesti',29),(88,'En kokeillut keinoa',30),(89,'Kokeilin keinoa',30),(90,'Keino oli käytössä säännöllisesti',30),(91,'En kokeillut keinoa',31),(92,'Kokeilin keinoa',31),(93,'Keino oli käytössä säännöllisesti',31),(94,'Raskas',32),(95,'Keskiraskas',32),(96,'Kevyt',32),(97,'Raskas',33),(98,'Keskiraskas',33),(99,'Kevyt',33),(100,'Raskas',34),(101,'Keskiraskas',34),(102,'Kevyt',34),(103,'Erittäin yleinen',35),(104,'Kohtalaisen yleinen',35),(105,'Harvinainen',35),(106,'Erittäin yleinen',36),(107,'Kohtalaisen yleinen',36),(108,'Harvinainen',36),(109,'Huippu hyvin!',37),(110,'Vähän jäi parannettavaa',37),(111,'Huonosti, yritän uudelleen',37),(112,'Huippu hyvin!',38),(113,'Vähän jäi parannettavaa',38),(114,'Huonosti, yritän uudelleen',38),(115,'Huippu hyvin!',39),(116,'Vähän jäi parannettavaa',39),(117,'Huonosti, yritän uudelleen',39),(118,'Huippu hyvin!',40),(119,'Vähän jäi parannettavaa',40),(120,'Huonosti, yritän uudelleen',40),(121,'Huippu hyvin!',41),(122,'Vähän jäi parannettavaa',41),(123,'Huonosti, yritän uudelleen',41),(124,' ',42),(125,' ',42),(126,' ',42),(127,' ',43),(128,' ',43),(129,' ',43),(130,' ',44),(131,' ',44),(132,' ',44),(133,' ',45),(134,' ',45),(135,' ',45),(136,'Alle 5 tuntia',46),(137,'5-8  tuntia',46),(138,'yli 8 tuntia',46),(139,'Alle 5 tuntia',47),(140,'5-8  tuntia',47),(141,'yli 8 tuntia',47),(142,'Alle 5 tuntia',48),(143,'5-8  tuntia',48),(144,'yli 8 tuntia',48),(145,'Alle 5 tuntia',49),(146,'5-8  tuntia',49),(147,'yli 8 tuntia',49),(148,'Alle 5 tuntia',50),(149,'5-8  tuntia',50),(150,'yli 8 tuntia',50),(151,'Alle 3 tuntia',51),(152,'3-5 tuntia',51),(153,'Yli 5 tuntia',51),(154,'Alle 3 tuntia',52),(155,'3-5 tuntia',52),(156,'Yli 5 tuntia',52),(157,'Alle 3 tuntia',53),(158,'3-5 tuntia',53),(159,'Yli 5 tuntia',53),(160,'Ei yhtään',54),(161,'Jonkun verran',54),(162,'Paljon',54),(163,'Ei yhtään',55),(164,'Jonkun verran',55),(165,'Paljon',55),(166,'Ei yhtään',56),(167,'Jonkun verran',56),(168,'Paljon',56),(169,'Kyllä, odotin askeleita enemmän',57),(170,'Kyllä, odotin askeleita vähemmän',57),(171,'Ei yllättänyt ',57),(172,'Helposti',58),(173,'Vähän joutui tekemään töitä',58),(174,'En millään saanut tarpeeksi askeleita kasaan',58),(175,'Helposti',59),(176,'Vähän joutui tekemään töitä',59),(177,'En millään saanut tarpeeksi askeleita kasaan',59),(178,'Helposti',60),(179,'Vähän joutui tekemään töitä',60),(180,'En millään saanut tarpeeksi askeleita kasaan',60),(181,' ',61),(182,' ',61),(183,' ',61),(184,'Onnistuin hyvin',62),(185,'Hieman oli hankaluuksia',62),(186,'Pitää yrittää uudestaan',62),(187,' ',63),(188,' ',63),(189,' ',63),(190,' ',64),(191,' ',64),(192,' ',64),(193,' ',65),(194,' ',65),(195,' ',65),(196,'Paras mahdollinen',66),(197,'Riittävän hyvä',66),(198,'Huonoin mahdollinen',66),(199,'Paras mahdollinen',67),(200,'Riittävän hyvä',67),(201,'Huonoin mahdollinen',67),(202,'Paras mahdollinen',68),(203,'Riittävän hyvä',68),(204,'Huonoin mahdollinen',68),(205,'Paras mahdollinen',69),(206,'Riittävän hyvä',69),(207,'Huonoin mahdollinen',69),(208,'Paras mahdollinen',70),(209,'Riittävän hyvä',70),(210,'Huonoin mahdollinen',70),(211,'Aurinko',71),(212,'Kilpi ',71),(213,'Sydän',71),(214,'Aurinko',72),(215,'Kilpi ',72),(216,'Sydän',72),(217,'Aurinko',73),(218,'Kilpi ',73),(219,'Sydän',73),(220,'Aurinko',74),(221,'Kilpi ',74),(222,'Sydän',74),(223,'Aurinko',75),(224,'Kilpi ',75),(225,'Sydän',75),(226,' ',76),(227,' ',76),(228,' ',76),(229,' ',77),(230,' ',77),(231,' ',77),(232,' ',78),(233,' ',78),(234,' ',78),(235,'3',79),(236,'2',79),(237,'1',79),(238,' ',80),(239,' ',80),(240,' ',80),(241,' ',81),(242,' ',81),(243,' ',81),(244,' ',82),(245,' ',82),(246,'Hyvältä',83),(247,'Ihan ok',83),(248,'En tuntenut mitään vaikutusta',83),(249,'Ylitti reippaasti',84),(250,'Ei kauhean pahasti',84),(251,'Ei ylittänyt!',84),(252,'Tottakai on!',85),(253,'Vähän olisi parannettavaa',85),(254,'Ei se kyllä ole',85),(255,'Tottakai on!',86),(256,'Vähän olisi parannettavaa',86),(257,'Ei se kyllä ole',86),(258,'Tottakai on!',87),(259,'Vähän olisi parannettavaa',87),(260,'Ei se kyllä ole',87),(261,'Tottakai on!',88),(262,'Vähän olisi parannettavaa',88),(263,'Ei se kyllä ole',88),(264,'Tottakai on!',89),(265,'Vähän olisi parannettavaa',89),(266,'Ei se kyllä ole',89),(267,'Korkea',90),(268,'Aika korkea',90),(269,'Alhainen',90),(270,'Korkea',91),(271,'Aika korkea',91),(272,'Alhainen',91),(273,'Oli!',92),(274,'Vähän olisi parannettavaa',92),(275,'Ei ollut',92),(276,'Kova nälkä',93),(277,'Hieman hiukoi',93),(278,'Ei ollut nälkä ollenkaan',93),(279,' ',94),(280,' ',94),(281,' ',94),(282,'Totta',95),(283,'Tarua',95),(284,'Molemmat',95),(285,'Totta',96),(286,'Tarua',96),(287,'Molemmat',96),(288,'Totta',97),(289,'Tarua',97),(290,'Molemmat',97),(291,'Totta',98),(292,'Tarua',98),(293,'Molemmat',98),(294,'Totta',99),(295,'Tarua',99),(296,'Molemmat',99),(297,'Totta',100),(298,'Tarua',100),(299,'Molemmat',100),(300,'Totta',101),(301,'Tarua',101),(302,'Molemmat',101),(303,'Totta',102),(304,'Tarua',102),(305,'Molemmat',102),(306,'On',103),(307,'Ehkä jonkin verran',103),(308,'Ei ole',103),(309,' ',104),(310,' ',104),(311,' ',104),(312,'Se on tuttu',105),(313,'En osaa sanoa',105),(314,'Halusin lukea siitä enemmän',105),(315,'Se on tuttu',106),(316,'En osaa sanoa',106),(317,'Halusin lukea siitä enemmän',106),(318,'Se on tuttu',107),(319,'En osaa sanoa',107),(320,'Halusin lukea siitä enemmän',107),(321,' ',108),(322,' ',108),(323,' ',108),(324,'Erittäin tyytyväinen',109),(325,'Melko tyytyväinen',109),(326,'Pystyisin parempaan',109),(327,'Kyllä',110),(328,'Jonkin verran',110),(329,'En',110),(330,'Korkea',111),(331,'Aika korkea',111),(332,'Alhainen',111),(333,'1-2 g',112),(334,'3-4 g',112),(335,'Yli suosituksen eli yli 5 g (1 tl)',112),(336,'miehillä yli 14 annosta viikossa ja naisilla yli 7 annosta viikossa',113),(337,'miehillä yli 10 annosta viikossa ja naisilla yli 5 annosta viikossa',113),(338,'miehillä yli 24 annosta viikossa ja naisilla yli 16 annosta viikossa',113),(339,' ',114),(340,' ',114),(341,' ',114),(342,' ',115),(343,' ',115),(344,' ',115),(345,'Totta',116),(346,'Tarua',116),(347,'Molemmat',116),(348,'Molemmat',116),(349,'Tärkeä',117),(350,'Jokseenkin tärkeä ',117),(351,'Ei kovin tärkeä',117),(352,'Tärkeä',118),(353,'Jokseenkin tärkeä ',118),(354,'Ei kovin tärkeä',118),(355,'Tärkeä',119),(356,'Jokseenkin tärkeä ',119),(357,'Ei kovin tärkeä',119),(358,'Tärkeä',120),(359,'Jokseenkin tärkeä ',120),(360,'Ei kovin tärkeä',120),(361,'Tärkeä',121),(362,'Jokseenkin tärkeä ',121),(363,'Ei kovin tärkeä',121),(364,'Todella viihtyisä!',122),(365,'Viihdyn ihan ok',122),(366,'Parannettavaa',122),(367,'Todella viihtyisä!',123),(368,'Viihdyn ihan ok',123),(369,'Parannettavaa',123),(370,'Todella viihtyisä!',124),(371,'Viihdyn ihan ok',124),(372,'Parannettavaa',124),(373,' ',125),(374,' ',125),(375,' ',125),(376,'Kyllä',126),(377,'Ehkä pienimuotoisesti',126),(378,'En',126),(379,' ',127),(380,' ',127),(381,' ',127),(382,'Kyllä ehdottomasti!',128),(383,'Pienimuotoisesti kyllä',128),(384,'Ei sovi omiin suunnitelmiini',128),(385,'Omasta turvallisuudestaan kannattaa huolehtia',129),(386,'Videot saivat hieman varovaiseksi',129),(387,'Ei oikeastaan mitään',129),(388,'Tiedän!',130),(389,'En osaa sanoa',130),(390,'En, mutta otan siitä heti selvää',130),(391,'Erittäin helppoa, jos on varovainen',131),(392,'Vaatii miettimistä',131),(393,'Aika vaikeaa',131),(394,' ',132),(395,' ',132),(396,' ',132),(397,'Kyllä',133),(398,'Jossain määrin',133),(399,'En lainkaan',133),(400,'Kyllä',134),(401,'Jossain määrin',134),(402,'En lainkaan',134),(403,'Kyllä',135),(404,'Jossain määrin',135),(405,'En lainkaan',135),(406,'Kyllä',136),(407,'Jossain määrin',136),(408,'En lainkaan',136),(409,'Erittäin tärkeä',137),(410,'Kohtalaisen tärkeä',137),(411,'Vähän tai ei lainkaan tärkeä ',137),(412,'Erittäin tärkeä',138),(413,'Kohtalaisen tärkeä',138),(414,'Vähän tai ei lainkaan tärkeä ',138),(415,'Erittäin tärkeä',139),(416,'Kohtalaisen tärkeä',139),(417,'Vähän tai ei lainkaan tärkeä ',139),(418,' ',140),(419,' ',140),(420,' ',140),(421,' ',141),(422,' ',141),(423,' ',141),(424,' ',142),(425,' ',142),(426,' ',142),(427,' ',143),(428,' ',143),(429,' ',143),(430,' ',144),(431,' ',144),(432,' ',144),(433,'Helppoa',145),(434,'Vaati hieman miettimistä',145),(435,'Vaikeaa',145),(436,'Kyllä, sopiva',146),(437,'Ei, vaatisi enemmän aikaa',146),(438,'Ei, ajankäyttöä tulisi vähentää ',146),(439,'Vaikeaa',147),(440,'Kyllä, sopiva',147),(441,'Ei, vaatisi enemmän aikaa',147),(442,'Ei, ajankäyttöä tulisi vähentää ',148),(443,'Vaikeaa',148),(444,'Kyllä, sopiva',148),(445,'Ei, vaatisi enemmän aikaa',149),(446,'Ei, ajankäyttöä tulisi vähentää ',149),(447,'Vaikeaa',149),(448,'Kyllä, sopiva',150),(449,'Ei, vaatisi enemmän aikaa',150),(450,'Ei, ajankäyttöä tulisi vähentää ',150),(451,'Kyllä, täysin',151),(452,'Kyllä, osittain',151),(453,'En',151),(454,'Kyllä, täysin',152),(455,'Kyllä, osittain',152),(456,'En',152),(457,'Kyllä, täysin',153),(458,'Kyllä, osittain',153),(459,'En',153),(460,'Kyllä, täysin',154),(461,'Kyllä, osittain',154),(462,'En',154),(463,'Kyllä, täysin',155),(464,'Kyllä, osittain',155),(465,'En',155),(466,'Totta',156),(467,'Tarua',156),(468,'Molemmat',156);
/*!40000 ALTER TABLE `options` ENABLE KEYS */;
UNLOCK TABLES;

--
-- Table structure for table `roles`
--

DROP TABLE IF EXISTS `roles`;
/*!40101 SET @saved_cs_client     = @@character_set_client */;
/*!40101 SET character_set_client = utf8 */;
CREATE TABLE `roles` (
  `role_id` int(11) NOT NULL AUTO_INCREMENT,
  `role_name` varchar(20) COLLATE utf8_swedish_ci NOT NULL,
  PRIMARY KEY (`role_id`),
  UNIQUE KEY `role_name` (`role_name`)
) ENGINE=InnoDB AUTO_INCREMENT=3 DEFAULT CHARSET=utf8 COLLATE=utf8_swedish_ci;
/*!40101 SET character_set_client = @saved_cs_client */;

--
-- Dumping data for table `roles`
--

LOCK TABLES `roles` WRITE;
/*!40000 ALTER TABLE `roles` DISABLE KEYS */;
INSERT INTO `roles` VALUES (2,'ROLE_ADMIN'),(1,'ROLE_USER');
/*!40000 ALTER TABLE `roles` ENABLE KEYS */;
UNLOCK TABLES;

--
-- Table structure for table `users`
--

DROP TABLE IF EXISTS `users`;
/*!40101 SET @saved_cs_client     = @@character_set_client */;
/*!40101 SET character_set_client = utf8 */;
CREATE TABLE `users` (
  `user_id` int(11) NOT NULL AUTO_INCREMENT,
  `username` varchar(20) COLLATE utf8_swedish_ci NOT NULL,
  `password` varchar(80) COLLATE utf8_swedish_ci NOT NULL,
  `enabled` tinyint(4) NOT NULL DEFAULT '1',
  `role_id` int(11) NOT NULL DEFAULT '1',
  `firstname` varchar(40) COLLATE utf8_swedish_ci NOT NULL,
  `lastname` varchar(60) COLLATE utf8_swedish_ci NOT NULL,
  `email` varchar(80) COLLATE utf8_swedish_ci NOT NULL,
  `phone` varchar(40) COLLATE utf8_swedish_ci DEFAULT NULL,
  PRIMARY KEY (`user_id`),
  UNIQUE KEY `email` (`email`),
  KEY `fk_users_roles` (`role_id`),
  CONSTRAINT `fk_users_roles` FOREIGN KEY (`role_id`) REFERENCES `roles` (`role_id`) ON DELETE NO ACTION
) ENGINE=InnoDB AUTO_INCREMENT=14 DEFAULT CHARSET=utf8 COLLATE=utf8_swedish_ci;
/*!40101 SET character_set_client = @saved_cs_client */;

--
-- Dumping data for table `users`
--

LOCK TABLES `users` WRITE;
/*!40000 ALTER TABLE `users` DISABLE KEYS */;
INSERT INTO `users` VALUES (1,'admin','passw',1,2,'admin','admin','admin@admin','0123456789'),(2,'tuuti','tuuti',1,2,'Tuulikki','Terävä','tuulikki.terava@stadia.fi','0443356898'),(3,'annol','annol',1,2,'Anneli','Ollinen','anneli.ollinen@hus.fi','0446558332'),(4,'raisi','raisi',1,2,'Raimo','Silander','raimo.silander@slk.fi','0504452336'),(5,'jaapa','jaapa',1,1,'Jaakko','Pavunvarsi','jaakko.pavunvarsi@gmail.com','0443365885'),(6,'timri','timri',1,1,'Timo','Rissanen','timo.rissanen@outlook.com','0412552335'),(7,'juses','juses',1,1,'Jussi','Eskola','jussi.eskola@yahoo.com','0413365297'),(8,'siiny','siiny',1,1,'Siiri','Nygrén','siiri.nygren@gmail.com','0502544865'),(9,'maita','maita',1,1,'Maija','Talkanen','maija.talkanen@outlook.com','0505587669'),(10,'johpo','johpo',1,1,'Johanna','Pohjola','johanna.pohjola@welho.com','0448665979'),(11,'tuuma','tuuma',1,1,'Tuure','Malvajärvi','tuurema@hotmail.com','0412636968'),(12,'pekor','pekor',1,1,'Pekka','Orimus','pekka.orimus@welho.com','0505856896'),(13,'joola','joola',1,1,'Joonas','Laasanen','joonas.laasanen@gmail.com','0442578692');
/*!40000 ALTER TABLE `users` ENABLE KEYS */;
UNLOCK TABLES;

--
-- Table structure for table `waypoints`
--

DROP TABLE IF EXISTS `waypoints`;
/*!40101 SET @saved_cs_client     = @@character_set_client */;
/*!40101 SET character_set_client = utf8 */;
CREATE TABLE `waypoints` (
  `waypoint_id` int(11) NOT NULL AUTO_INCREMENT,
  `task` varchar(1000) COLLATE utf8_swedish_ci NOT NULL,
  `photo_enabled` tinyint(4) NOT NULL DEFAULT '0',
  `worksheet_id` int(11) NOT NULL,
  PRIMARY KEY (`waypoint_id`),
  KEY `fk_waypoints_worksheets` (`worksheet_id`),
  CONSTRAINT `fk_waypoints_worksheets` FOREIGN KEY (`worksheet_id`) REFERENCES `worksheets` (`worksheet_id`) ON DELETE CASCADE
) ENGINE=InnoDB AUTO_INCREMENT=157 DEFAULT CHARSET=utf8 COLLATE=utf8_swedish_ci;
/*!40101 SET character_set_client = @saved_cs_client */;

--
-- Dumping data for table `waypoints`
--

LOCK TABLES `waypoints` WRITE;
/*!40000 ALTER TABLE `waypoints` DISABLE KEYS */;
INSERT INTO `waypoints` VALUES (1,'Arvioi ja kuvaile turvallisuustasoa.',1,1),(2,'Arvioi ja kuvaile turvallisuustasoa.',1,1),(3,'Arvioi ja kuvaile turvallisuustasoa.',1,1),(4,'Arvioi ja kuvaile turvallisuustasoa.',1,1),(5,'Arvioi ja kuvaile turvallisuustasoa.',1,1),(6,'Luokittele 1. vaaratekijä. Miten pystyt torjumaan kyseistä asiaa työssä? Ota kuva ympäristöstä, jossa voit kohdata vaaran.',1,2),(7,'Luokittele 2. vaaratekijä. Miten pystyt torjumaan kyseistä asiaa työssä? Ota kuva ympäristöstä, jossa voit kohdata vaaran.',1,2),(8,'Luokittele 3. vaaratekijä. Miten pystyt torjumaan kyseistä asiaa työssä? Ota kuva ympäristöstä, jossa voit kohdata vaaran.',1,2),(9,'Käytätkö vireystilaa tukevia keinoja työpäivän aikana? Miten voisit vahvistaa vireystilaasi työpäivän aikana?',0,3),(10,'Käytätkö vireystilaa tukevia keinoja vapaa-aikana? Miten voisit tehdä eri tavalla vireystilasi lisäämiseksi?',0,3),(11,'Työtehtävä. Arvioi työtehtävän fyysistä kuormitusta. Kuvaile ergonominen työtapa. Ota kuva työtilanteesta/työympäristöstä. ',1,4),(12,'Työtehtävä. Arvioi työtehtävän fyysistä kuormitusta. Kuvaile ergonominen työtapa. Ota kuva työtilanteesta/työympäristöstä. ',1,4),(13,'Arvioi työtehtävän valmistelujen määrää. Mitä ohjeita antaisit? Ota kuva ohjeiden tueksi.',1,5),(14,'Arvioi toteutusvaihetta. Mitä ohjeita antaisit? Ota kuva ohjeiden tueksi.',1,5),(15,'Arvioi lopetusvaiheiden määrää. Mitä ohjeita antaisit? Ota kuva ohjeiden tueksi.',1,5),(16,'Valintasi. Arvioi käytön määrää. Kerro käyttöohjeet. Ota kuva.',1,6),(17,'Valintasi. Arvioi käytön määrää. Kerro käyttöohjeet. Ota kuva.',1,6),(18,'Valintasi. Arvioi käytön määrää. Kerro käyttöohjeet. Ota kuva.',1,6),(19,'Kysymys. Arvioi tiedonkeruutasi. Kuvaile, mistä etsit tietoa. Mitä opit? ',0,7),(20,'Kysymys. Arvioi tiedonkeruutasi. Kuvaile, mistä etsit tietoa. Mitä opit? ',0,7),(21,'Kysymys. Arvioi tiedonkeruutasi. Kuvaile, mistä etsit tietoa. Mitä opit? ',0,7),(22,'Kokeile ja kuvaile kehonhuoltoa, Arvioi fiiliksiäsi ja kuvaile kokemuksiasi. Ota kuva.',1,8),(23,'Nauti terveellinen lounas, arvioi fiiliksiäsi, kuvaile lounasta sekä kokemuksiasi. Ota kuva.',1,8),(24,'Kokeile työhyvinvointia tukevaa keinoa vapaa-ajalla. Arvioi fiiliksiäsi, kuvaile keinoa sekä kokemuksiasi. Ota kuva. ',1,8),(25,'Koet jonkun töissä kuulemasi asian loukkaavaksi',0,9),(26,'Olet eri mieltä työkaverisi kanssa asiasta ja haluaisit esittää vastakkaisen mielipiteen.',0,9),(27,'Näet työpaikalla jonkun ongelman, johon haluaisit puuttua',0,9),(28,'Haluat antaa positiivista palautetta opiskelukaverillesi jostain asiasta',0,9),(29,'Arvioi ja kuvaile ensimmäisen keinon käyttöä. Ota kuva',1,10),(30,'Arvioi ja kuvaile toisen keinon käyttöä. Ota kuva',1,10),(31,'Arvioi ja kuvaile kolmannen keinon käyttöä. Ota kuva.',1,10),(32,'Tilanne. Arvioi kuormitusta. Kuvaile, kuinka suoritat sen turvallisesti ja sujuvasti. Ota kuva tilanteesta.',1,11),(33,'Tilanne. Arvioi kuormitusta. Kuvaile, kuinka suoritat sen turvallisesti ja sujuvasti. Ota kuva tilanteesta.',1,11),(34,'Tilanne. Arvioi kuormitusta. Kuvaile, kuinka suoritat sen turvallisesti ja sujuvasti. Ota kuva tilanteesta.',1,11),(35,'Tilanne. Arvioi asiakastilanteen yleisyyttä. Kuvaile periaatteita ja ohjeita asiakastilanteessa toimimiseen. ',0,12),(36,'Tilanne. Arvioi asiakastilanteen yleisyyttä. Kuvaile periaatteita ja ohjeita asiakastilanteessa toimimiseen. ',0,12),(37,'Maanantain suunnitelma: Miten suunnitelma toteutui? Mitä teit tänään? Lataa kuva.',1,13),(38,'Tiistain suunnitelma: Miten suunnitelma toteutui? Mitä teit tänään? Lataa kuva.',1,13),(39,'Keskiviikon suunnitelma: Miten suunnitelma toteutui? Mitä teit tänään? Lataa kuva.',1,13),(40,'Torstain suunnitelma: Miten suunnitelma toteutui? Mitä teit tänään? Lataa kuva.',1,13),(41,'Perjantain suunnitelma: Miten suunnitelma toteutui? Mitä teit tänään? Lataa kuva.',1,13),(42,'Ensimmäinen tapa liikkua: Arvioi fiiliksiäsi? Miksi valitsit tämän tavan liikkua? Ota kuva.',1,14),(43,'Toinen tapa liikkua: Arvioi fiiliksiäsi? Miksi valitsit tämän tavan liikkua? Ota kuva.',1,14),(44,'Kolmas tapa liikkua: Arvioi fiiliksiäsi? Miksi valitsit tämän tavan liikkua? Ota kuva.',1,14),(45,'Millaisia fiiliksiä ohjelmasta jäi? Mikä tuntui hyvältä, mikä vaikealta? Ota kuva.',1,15),(46,'Maanantai: Kuinka paljon istumista kertyi päivän aikana? Mistä istumista kertyi? Kuinka vähensit istumista?',0,16),(47,'Tiistai: Kuinka paljon istumista kertyi päivän aikana? Mistä istumista kertyi? Kuinka vähensit istumista?',0,16),(48,'Keskiviikko: Kuinka paljon istumista kertyi päivän aikana? Mistä istumista kertyi? Kuinka vähensit istumista?',0,16),(49,'Torstai: Kuinka paljon istumista kertyi päivän aikana? Mistä istumista kertyi? Kuinka vähensit istumista?',0,16),(50,'Perjantai: Kuinka paljon istumista kertyi päivän aikana? Mistä istumista kertyi? Kuinka vähensit istumista?',0,16),(51,'Ensimmäinen tilanne: Arvioi kuluva aika päivässä. Kuinka asentoa voi parantaa, voiko istumista vähentää? Lataa kuva.',1,17),(52,'Toinen tilanne: Arvioi kuluva aika päivässä. Kuinka asentoa voi parantaa, voiko istumista vähentää? Lataa kuva.',1,17),(53,'Kolmas tilanne: Arvioi kuluva aika päivässä. Kuinka asentoa voi parantaa, voiko istumista vähentää? Lataa kuva.',1,17),(54,'Ensimmäinen kerta: Tunsitko muutoksia? Millaista taukoliikkumista kokeilit ja missä? Ota kuva.',1,18),(55,'Toinen kerta: Tunsitko muutoksia? Millaista taukoliikkumista kokeilit ja missä? Ota kuva.',1,18),(56,'Kolmas kerta: Tunsitko muutoksia? Millaista taukoliikkumista kokeilit ja missä? Ota kuva.',1,18),(57,'Lähtötilanne: Yllättikö kertyneiden askelten määrä? Kuinka monta askelta kertyi?',0,19),(58,'Ensimmäinen seurantapäivä: Kuinka askeleiden määrän kerryttäminen sujui? Kuinka monta askelta kertyi?',0,19),(59,'Toinen seurantapäivä: Kuinka askeleiden määrän kerryttäminen sujui? Kuinka monta askelta kertyi?',0,19),(60,'Kolmas seurantapäivä: Kuinka askeleiden määrän kerryttäminen sujui? Kuinka monta askelta kertyi?',0,19),(61,'Mitä ajatuksia hyvinvointikyselyn palaute herätti? Yllättikö palautteessa joku? Löysitkö itsellesi sopivan haasteen?',0,20),(62,'Onnistuitko mielestäsi haasteen toteuttamisessa? Oliko haastetta helppo toteuttaa? Missä oli hankaluuksia?',0,20),(63,'Päätös 1.: Tuleeko päätöksen toteuttaminen olemaan helppoa? Arvioi hymiöllä ja perustele, miksi päädyit näihin päätökseen. Millä asioilla aiot toteuttaa päätöksesi?',0,21),(64,'Päätös 2: Tuleeko päätöksen toteuttaminen olemaan helppoa? Arvioi hymiöllä ja perustele, miksi päädyit näihin päätökseen. Millä asioilla aiot toteuttaa päätöksesi?',0,21),(65,'Päätös 3: Tuleeko päätöksen toteuttaminen olemaan helppoa? Arvioi hymiöllä ja perustele, miksi päädyit näihin päätökseen. Millä asioilla aiot toteuttaa päätöksesi?',0,21),(66,'Maanantain mielialani, mitkä asiat vaikuttavat mielialaasi tänään?',0,22),(67,'Tiistain mielialani, mitkä asiat vaikuttavat mielialaasi tänään?',0,22),(68,'Keskiviikon mielialani, mitkä asiat vaikuttavat mielialaasi tänään?',0,22),(69,'Torstain mielialani, mitkä asiat vaikuttavat mielialaasi tänään?',0,22),(70,'Perjantain mielialani, mitkä asiat vaikuttavat mielialaasi tänään?',0,22),(71,'Suojatekijä 1: Valitse suojatekijälle hymiö. Kuvaile, miten tämä suojatekijä näkyy elämässäsi.',0,23),(72,'Suojatekijä 2: Valitse suojatekijälle hymiö. Kuvaile, miten tämä suojatekijä näkyy elämässäsi.',0,23),(73,'Suojatekijä 3: Valitse suojatekijälle hymiö. Kuvaile, miten tämä suojatekijä näkyy elämässäsi.',0,23),(74,'Suojatekijä 4: Valitse suojatekijälle hymiö. Kuvaile, miten tämä suojatekijä näkyy elämässäsi.',0,23),(75,'Suojatekijä 5: Valitse suojatekijälle hymiö. Kuvaile, miten tämä suojatekijä näkyy elämässäsi.',0,23),(76,'Tunne 1: Millainen tunne kappaleesta jäi? Valitse oikea hymiö ja kerro miten musiikki tai kuva liittyy tunteeseen?',1,24),(77,'Tunne 2: Millainen tunne kappaleesta jäi? Valitse oikea hymiö ja kerro miten musiikki tai kuva liittyy tunteeseen?',1,24),(78,'Tunne 3: Millainen tunne kappaleesta jäi? Valitse oikea hymiö ja kerro miten musiikki tai kuva liittyy tunteeseen?',1,24),(79,'Arvioi tunteen voimakkuutta asteikolla 1-3. 3 tarkoittaa voimakasta tunnetta ja 1 kevyttä tunnetta, mistä tämän hetkinen tunne johtuu? Mitä tapahtumia ja tunteita taustalla voi olla?',1,25),(80,'Mukava tapahtuma tai tilanne 1: Millainen mieli asiasta jäi? Kuvaile tilanne, mikä siinä teki sinut iloiseksi tai piristi päivääsi?',1,26),(81,'Mukava tapahtuma tai tilanne 2: Millainen mieli asiasta jäi? Kuvaile tilanne, mikä siinä teki sinut iloiseksi tai piristi päivääsi?',1,26),(82,'Mukava tapahtuma tai tilanne 3: Millainen mieli asiasta jäi? Kuvaile tilanne, mikä siinä teki sinut iloiseksi tai piristi päivääsi?',1,26),(83,'Miltä rentoutumisharjoitus tuntui? Mikä on sinulle rentouttavaa tekemistä? Mitkä asiat auttavat sinua rentoutumaan?',0,27),(84,'Ylittikö syömäsi sokerimäärä päiväsuosituksen? Osaatko arvioida, kuinka monta palaa olet päivän aikana syönyt sokeria? Millä asioilla voisit vähentää sokerinsyöntiä?',0,28),(85,'1. Päivä. Onko tarjottimesi lautasmallin mukainen? Mitä puuttuu tai mitä on liikaa? Ota kuva ruoka-annoksestasi.',1,29),(86,'2. Päivä. Onko tarjottimesi lautasmallin mukainen? Mitä puuttuu tai mitä on liikaa? Ota kuva ruoka-annoksestasi.',1,29),(87,'3. Päivä. Onko tarjottimesi lautasmallin mukainen? Mitä puuttuu tai mitä on liikaa? Ota kuva ruoka-annoksestasi.',1,29),(88,'4. Päivä. Onko tarjottimesi lautasmallin mukainen? Mitä puuttuu tai mitä on liikaa? Ota kuva ruoka-annoksestasi.',1,29),(89,'5. Päivä. Onko tarjottimesi lautasmallin mukainen? Mitä puuttuu tai mitä on liikaa? Ota kuva ruoka-annoksestasi.',1,29),(90,'Riskikohta 2: Miten korkea riski mielestäsi ottamassasi tilanteessa on? Miten ratkaisisit kuvissa näkyvät ongelmat?',1,36),(91,'Riskikohta 3: Miten korkea riski mielestäsi ottamassasi tilanteessa on? Miten ratkaisisit kuvissa näkyvät ongelmat?',1,36),(92,'Kerro päivän aikana syömästäsi välipalasta: Oliko välipalasi mielestäsi terveellinen? Kerro, mikä syömässäsi välipalassa edusti kasviksia, täysjyväviljaa ja ruista.',1,37),(93,'Mieti syömistottumuksiasi: Kuinka kova nälkä sinulla oli ennen syömistä? Mitä hyvää syömistottumuksissasi on? Mieti myös, mitä haluaisit muuttaa?',0,37),(94,'Tupakkalaki kieltää tupakoinnin oppilaitoksen alueella. Monet silti polttaa, mitä mieltä olet siitä? Mieti, miksi ja mitä muita keinoja olisi viettää taukoja oppilaitoksessa? Mikä kannustaisi lopettamaan tupakoinnin?',0,41),(95,'Kannabiksen käyttö ei aiheuta riippuvuutta, perustele',0,42),(96,'Kaikkihan pilveä ovat kokeilleet, se on tätä päivää, perustele',0,42),(97,'Kannabiksen käyttö on jokaisen oma asia, eikä kuulu muille, perustele',0,42),(98,'Kannabiksen käyttö ei johda kovien huumeiden käyttöön, perustele',0,42),(99,'Kannabis on aito luonnontuote, itsekasvatettuna todellinen luomuhuume, perustele',0,42),(100,'Kannabis on turvallista, sillä sitä käytetään myös lääkkeenä, perustele',0,42),(101,'Kannabis aiheuttaa skitsofreniaa ja psykooseja, perustele',0,42),(102,'Kannabis tulisi laillistaa Suomessa, sillä sen käyttöä on vapautettu muissakin maissa, perustele',0,42),(103,'Onko omassa pelaamisessasi jotain, mitä haluaisit muuttaa? Mieti pelipäiväkirjasi perusteella, mikä pelaamisessa on parasta tai että miksi haluaisit muuttaa jotain pelaamisessasi?',0,30),(104,'Millaista parisuhdetta valitsemasi video tai kuva kuvailee mielestäsi, mitä videossa tapahtuu? Mikä videon parisuhteessa on hyvää? Mikä videon parisuhteessa on huonoa?',1,31),(105,'Ehkäisytapa 1: Miksi valitsit tämän ehkäisytavan? Minkä ehkäisytavan valitsit? Kuvaile sen toimintaa, mitkä ovat sen haitat ja hyödyt?',0,32),(106,'Ehkäisytapa 2: Miksi valitsit tämän ehkäisytavan? Minkä ehkäisytavan valitsit? Kuvaile sen toimintaa, mitkä ovat sen haitat ja hyödyt?',0,32),(107,'Ehkäisytapa 3: Miksi valitsit tämän ehkäisytavan? Minkä ehkäisytavan valitsit? Kuvaile sen toimintaa, mitkä ovat sen haitat ja hyödyt?',0,32),(108,'Löytyikö Leima-lehdestä jotain yllättävää? Mitkä asiat haittaavat tai edistävät mielestäsi nuorten seksuaalioikeuksien toteutumista Suomessa ja Maailmalla? ',0,33),(109,'Miten tyytyväinen olet tulokseesi? Mistä löydät halutessasi tietoa seksuaaliterveydestä? Millaista tietoa kaipaisit siihen liittyen?',0,34),(110,'Yllättikö joku testin tulos, opitko jotain uutta? Pohdi, miksi nuoret riskikäyttäytyvät liikenteessä? Mitkä asiat lisäävät nuorten liikennevahinkoriskiä?',0,35),(111,'Riskikohta 1: Miten korkea riski mielestäsi ottamassasi tilanteessa on? Miten ratkaisisit kuvissa näkyvät ongelmat?',1,36),(112,'Tarkastele seuraavan välipalasi kohdalla, kuinka monta grammaa suolaa se sisältää. Yllättikö suolamäärä? Mistä arvelet suolamäärän kertyneen?',1,38),(113,'Mitkä ovat alkoholinkäytön kohtalaisen riskikulutuksen rajat? Jos juo neljä kaljaa, millainen kalorimääräsi silloin on (Laske kuinka paljon energiaa on neljässä oluessa (4 x 0,33l)?',0,39),(114,'Oliko alkoholin sosiaalisia haittavaikutuksia helppo pohtia? Miten haittavaikutuksiin voi mielestäsi puuttua? Mieti, millä asioilla voit puuttua vaikkapa ystävän liialliseen alkoholinkäyttöön',0,40),(115,'Miten alkoholi mielestäsi vaikuttaa ihmissuhteisiin, valitse hymiö, miksi olet tätä mieltä? Millaisia muita tapoja on olla sosiaalinen kuin biletys tai alkoholi?',0,40),(116,'Alkoholi on haitallisempaa kuin kannabis, perustele',0,42),(117,'Sääntö 1. Arvioi säännön tärkeyttä turvallisuuden kannalta. Perustele, miksi valitsit tämän säännön.',0,43),(118,'Sääntö 2. Arvioi säännön tärkeyttä turvallisuuden kannalta. Perustele, miksi valitsit tämän säännön.',0,43),(119,'Sääntö 3. Arvioi säännön tärkeyttä turvallisuuden kannalta. Perustele, miksi valitsit tämän säännön.',0,43),(120,'Sääntö 4. Arvioi säännön tärkeyttä turvallisuuden kannalta. Perustele, miksi valitsit tämän säännön.',0,43),(121,'Sääntö 5. Arvioi säännön tärkeyttä turvallisuuden kannalta. Perustele, miksi valitsit tämän säännön.',0,43),(122,'Paikka tai tilanne 1: Arvioi tilanteen tai paikan viihtyisyysaste. Miten tekisit tästä viihtyisämmän?',1,44),(123,'Paikka tai tilanne 2: Arvioi tilanteen tai paikan viihtyisyysaste. Miten tekisit tästä viihtyisämmän?',1,44),(124,'Paikka tai tilanne 3: Arvioi tilanteen tai paikan viihtyisyysaste. Miten tekisit tästä viihtyisämmän?',1,44),(125,'Arvioi oppilaitoksesi opiskelijakunnan toimintaa. Mitä asioita opiskelijakunta tekee? Ota kuva jostain asiasta.',1,45),(126,'Haluaisitko itse vaikuttaa ja osallistua opiskelijakuntatoimintaan? Mitkä asiat ovat mielestäsi opiskelijakuntatoiminnassa hyvää tai mitä kehittäisit?',0,45),(127,'Anna hymiö oppilaitoksesi tutoreiden toiminnalle. Mitä tutorit tekevät oppilaitoksessasi? Millaista toimintaa he ovat järjestäneet? Ota kuva.',1,46),(128,'Olisitko innokas osallistumaan tutortoimintaan? Millaista toimintaa itse järjestäisit, jos olisit tutor?',0,46),(129,'Millaisia ajatuksia videot sinussa herättivät? Miten toimisit itse videoiden kuvaamissa tilanteissa?',0,47),(130,'Tiedätkö, miten toimia, jos kohtaat netissä jotain epäilyttävää? Miten vuorovaikutus netissä eroaa kasvokkaisesta kohtaamisesta?',0,47),(131,'Kirjoita itsellesi netiketti-säännöt ja ota niistä kuva. Miten helppoa netiketin noudattaminen on? Perustele, miksi valitsit kirjoittamasi asiat listalle?',1,48),(132,'Tee leimalehden vaikuttajatesti lehden sivulta 4. Yllättikö tulos? Mihin asioihin haluaisit vaikuttaa? Jos sinulla olisi kaikki valta maailmassa, mitä muuttaisit?',0,49),(133,'Arvostan – arvokenttä. Olisitko valmis muuttamaan tämän arvokenttäsi sisältöä. Pohdi arvon/asenteen hyötyjä ja haittoja eri tilanteissa.',0,50),(134,'Hyväksyn – arvokenttä. Olisitko valmis muuttamaan tämän arvokenttäsi sisältöä. Pohdi arvon/asenteen hyötyjä ja haittoja eri tilanteissa.',0,50),(135,'Siedän – arvokenttä. Olisitko valmis muuttamaan tämän arvokenttäsi sisältöä. Pohdi arvon/asenteen hyötyjä ja haittoja eri tilanteissa.',0,50),(136,'Vaikea sietää– arvokenttä. Olisitko valmis muuttamaan tämän arvokenttäsi sisältöä. Pohdi arvon/asenteen hyötyjä ja haittoja eri tilanteissa.',0,50),(137,'Arvo 1. Kuinka tärkeänä pidät tätä arvoa. Kuvaile, miten arvo näkyy ihmisten toiminnassa ja asenteissa?',0,51),(138,'Arvo 2. Kuinka tärkeänä pidät tätä arvoa. Kuvaile, miten arvo näkyy ihmisten toiminnassa ja asenteissa?',0,51),(139,'Arvo 3. Kuinka tärkeänä pidät tätä arvoa. Kuvaile, miten arvo näkyy ihmisten toiminnassa ja asenteissa?',0,51),(140,'1. kulttuuritapahtuma. Arvioi fiiliksiäsi, kuvaile tapahtumaa ja kokemuksiasi. Ota kuva.',1,52),(141,'2. kulttuuritapahtuma. Arvioi fiiliksiäsi, kuvaile tapahtumaa ja kokemuksiasi. Ota kuva.',1,52),(142,'3. kulttuuritapahtuma. Arvioi fiiliksiäsi, kuvaile tapahtumaa ja kokemuksiasi. Ota kuva.',1,52),(143,'4. kulttuuritapahtuma. Arvioi fiiliksiäsi, kuvaile tapahtumaa ja kokemuksiasi. Ota kuva.',1,52),(144,'5. kulttuuritapahtuma. Arvioi fiiliksiäsi, kuvaile tapahtumaa ja kokemuksiasi. Ota kuva.',1,52),(145,'Arvioi. Oliko tehtävien järjestäminen helppoa? Kuvaile, mitä hyötyä muistilistan tekemisestä sinulle voi olla?',0,53),(146,'Nukkuminen ja ruokailu. Oliko tuntimäärä sopiva? Miten voisit muuttaa ajankäyttöäsi?',0,54),(147,'Opiskelu ja työ. Oliko tuntimäärä sopiva? Miten voisit muuttaa ajankäyttöäsi?',0,54),(148,'Liikunta. Oliko tuntimäärä sopiva? Miten voisit muuttaa ajankäyttöäsi?',0,54),(149,'Harrastukset ja vapaa-aika. Oliko tuntimäärä sopiva? Miten voisit muuttaa ajankäyttöäsi?',0,54),(150,'Sosiaaliset suhteet. Oliko tuntimäärä sopiva? Miten voisit muuttaa ajankäyttöäsi?',0,54),(151,'Nukkuminen ja ruokailu. Saavutitko tavoitteen? Mikä esti tai mahdollisti sen?',0,55),(152,'Opiskelu ja työ. Saavutitko tavoitteen? Mikä esti tai mahdollisti sen?',0,55),(153,'Liikunta. Saavutitko tavoitteen? Mikä esti tai mahdollisti sen?',0,55),(154,'Harrastukset ja vapaa-aika. Saavutitko tavoitteen? Mikä esti tai mahdollisti sen?',0,55),(155,'Sosiaaliset suhteet. Saavutitko tavoitteen? Mikä esti tai mahdollisti sen?',0,55),(156,'Pilvi on vaaratonta, eikä sitä voi pitää edes huumeena, perustele',0,42);
/*!40000 ALTER TABLE `waypoints` ENABLE KEYS */;
UNLOCK TABLES;

--
-- Table structure for table `worksheets`
--

DROP TABLE IF EXISTS `worksheets`;
/*!40101 SET @saved_cs_client     = @@character_set_client */;
/*!40101 SET character_set_client = utf8 */;
CREATE TABLE `worksheets` (
  `worksheet_id` int(11) NOT NULL AUTO_INCREMENT,
  `category_id` int(11) NOT NULL,
  `header` varchar(100) COLLATE utf8_swedish_ci NOT NULL,
  `preface` varchar(1000) COLLATE utf8_swedish_ci NOT NULL,
  `planning` varchar(1000) COLLATE utf8_swedish_ci NOT NULL,
  PRIMARY KEY (`worksheet_id`),
  KEY `fk_worksheets_categories` (`category_id`),
  CONSTRAINT `fk_worksheets_categories` FOREIGN KEY (`category_id`) REFERENCES `categories` (`category_id`)
) ENGINE=InnoDB AUTO_INCREMENT=56 DEFAULT CHARSET=utf8 COLLATE=utf8_swedish_ci;
/*!40101 SET character_set_client = @saved_cs_client */;

--
-- Dumping data for table `worksheets`
--

LOCK TABLES `worksheets` WRITE;
/*!40000 ALTER TABLE `worksheets` DISABLE KEYS */;
INSERT INTO `worksheets` VALUES (1,1,'Turvallisuuskävely','Jokainen ammattilainen huolehtii työturvallisuudesta työpaikalla. On tärkeää tunnistaa ja torjua työhön liittyviä vaaroja. Turvallisuuskävelyssä kierretään työympäristön kannalta tärkeitä paikkoja ja arvioidaan turvallisuustasoa. Toteuta yksin tai ryhmässä turvallisuuskävely oppilaitoksessa. Suunnitelkaa etukäteen reitti ja toteutusajankohta. Esittäkää suunnitelma opettajalle ennen toteuttamista.','Kuvaile turvallisuuskävelyn kohteet ja reitti alapuolelle.'),(2,1,'Työturvallisuus: haitta- ja vaaratekijät','Ammattitaitoon kuuluu perustiedot turvallisista työtavoista ja työturvallisuudesta. Työhön voi liittyä vaaroja, joita voi torjua. Tapaturmavaaroja ovat esim. työvälineidenaiheuttamat vaarat, liukkaus, ym. Kemiallisia ja biologisia vaaroja aiheuttavat mm.puhdistusaineet, kemikaalit, bakteerit, ym. Muihin terveys- ja turvallisuusvaaroihinsisältyvät vaikeat sosiaaliset tilanteet, melu, kuumuus, kylmyys, ym.','Millaisia työturvallisuuteen liittyviä haitta- ja vaaratekijöitä taikuormitustekijöitä omalla ammattialallasi on? Kirjoita kolme esimerkkiä:'),(3,1,'Vireystila','Tarkkaavaisuus tarkoittaa kaikkea tarkkailua ja havainnointia joka täytyy keskittää työhön, työvälineisiin, laitteisiin, asiakkaisiin ym. Tarkkaavaisuus vaikuttaa työturvallisuuteen ja virheisiin. Kiinnittämällä huomiota ja vahvistamalla omaa vireystilaa voit lisätä tarkkaavaisuuttasi työssä. ','Mitkä asiat työssäsi vaativat tarkkaavaisuutta? Kirjoita viisi esimerkkiä.'),(4,1,'Ergonomia','Ergonomian avulla työ, työvälineet ja työympäristö sopeutetaan vastaamaan ihmisen ominaisuuksia ja tarpeita. Kiinnittämällä huomiota ergonomiaan ennaltaehkäiset työtapaturmia ja haitallista kuormitusta. Fyysinen ergonomia korostuu työympäristön, työpisteiden, työvälineiden ja työmenetelmien suunnittelussa.','Kirjoita alapuolelle kaksi työtehtävää, joissa kannattaa kiinnittää huomiota työergonomiaan.'),(5,1,'Ohjeiden laatiminen','Kuvittele itsesi tilanteeseen, jossa opastat uutta työntekijää. Hyvä ohjeistus vastaa mm. seuraaviin kysymyksiin: Millaisia etukäteisvalmisteluja kannattaa tehdä (tarkistukset, säädöt ym.)? Mitkä asiat ennaltaehkäisevät ongelmia ja tapaturmia? Mitä asioita kannattaa ottaa huomioon työtehtävän suorittamisen jälkeen (työvälineiden huolto, tarkistukset ym.)?','Valitse yksi työtehtävä omalta ammattialaltasi ja kirjoita se alapuolelle. '),(6,1,'Työväline esittely ','Erilaisten työvälineiden, apuvälineiden ja suojainten käyttö kuuluu ammattitaitoon. Seuraavaksi pääset kuvailemaan keskeisiä ammattialasi työvälineitä- ja laitteita sekä laatimaan periaatteet niiden käyttöön.','Valitse kolme omalla ammattialallasi käytössäsi olevaa työvälinettä, konetta, tai laitetta. Kirjoita niiden nimet alapuolelle. Numeroi valintasi 1-3. Voit tehdä valintasi työpaikalta, työssäoppimispaikalta tai oppilaitoksen työsalista.'),(7,1,'Tiedonhankinta','Opiskeluaikana, työssäoppimispaikalla ja työpaikalla kannattaa hankkia työskentelyä tukevaa tietoa. Tämä vahvistaa ammattitaitoasi. ','Mistä asioista voisit hankkia tietoa vahvistaaksesi ammattitaitoasi? Mieti kolme ammattialaasi liittyvää asiaa, joista voisit hankkia lisätietoja parantaaksesi ammattitaitoasi. Tiedonhankkiminen voi kohdistua työvälineisiin, työmenetelmiin, asiakkaisiin, työympäristöön tai muihin asioihin. Kirjoita ja numeroi tiedonhankinnan kohteet alapuolelle. Kerää tietoa eri lähteistä.'),(8,1,'Työhyvinvointia tukevat keinot ','Työhyvinvointia tukevien keinojen käyttö on osa ammattitaitoasi. Pystyt vahvistamaan työhyvinvointiasi monella tavoin. Tässä tehtäväkortissa keskityt kehonhuoltoon, ravintoon ja vapaa-ajan merkitykseen. Tutustu näihin työhyvinvoinnin keinoihin etukäteen www.alpo.fi. ','Kuvaile alapuolelle ammattialallesi sopiva taukojumppa/venyttely, terveellinen lounas ja yksi työhyvinvointia tukeva keino vapaa-ajalle.'),(9,1,'Mun mielestä…','Töissä, vapaa-ajalla tai koulussa voi tulla vastaan hankalia vuorovaikutustilanteita, joissa on hyvä ilmaista itseään selkeästi. Minä-viesti on tekniikka oman mielipiteen esille tuomiseen. Viesti voidaan aloittaa esimerkiksi seuraavalla tavalla: Minä haluan, minä toivon, että., minä ajattelen, että., minä en halua, että., en pidä siitä, että.','Seuraavaksi pääset harjoittelemaan minä-viestin esittämistä eri tilanteissa. Seuraavilla sivuilla kuvaillaan erilaisia tilanteita. Vastaa ensin, onko sinulla omia kokemuksia vastaavantyyppisistä tilanteista. Keksi sen jälkeen sopiva minä-viesti.'),(10,1,'Työhyvinvointi työssäoppimassa ','Työssäoppimisjaksolla on hyvä tilaisuus harjoitella työhyvinvointia tukevia keinoja. Aloita tämän tehtäväkortin suorittaminen ennen työssäoppimisjaksoasi ja jatka sen toteuttamista sen aikana.','Valitse 3 työhyvinvointia tukevaa keinoa ja kuvaile ne alapuolelle. Ota ne käyttöön työssäoppimisjaksollasi ja kerää kokemuksiasi tehtäväkorttiin.'),(11,1,'NOSTAMINEN','Työskentelyyn liittyy usein erilaisten taakkojen siirtämistä tai nostamista. On tärkeää suunnitella nosto/siirto etukäteen, huolehtia ympäristön esteettömyydestä ja turvallisuudesta, käyttää oikeaa nosto- ja siirtotekniikkaa, hyödyntää apuvälineitä ja pyytää apua tarvittaessa','Kuvaile kolme erilaista tilannetta omalta ammattialaltasi, joissa siirretään tai nostetaan erilaisia taakkoja (esineet, työvälineet, potilaat ym.)'),(12,1,'Asiakastilanteet','Monissa ammateissa työskennellään asiakkaiden tai potilaiden kanssa. Ammattitaitoon kuuluu, että työntekijä osaa myös itse vaikuttaa asiakastilanteiden sujuvuuteen, onnistumiseen ja turvallisuuteen. ','Kuvaile kaksi esimerkkiä erityyppisistä asiakastilanteista omalla ammattialallasi. Numeroi valintasi 1-2. '),(13,2,'LIIKUTKO SINÄ RIITTÄVÄSTI?','Liikunta edistää terveyttä ja auttaa jaksamaan aamusta iltaan, liikutko sinä riittävästi? Testaa UKK-instituutin liikuntapiirakan avulla liikutko riittävästi. Suunnittele itsellesi sen jälkeen seuraavan jakson ajaksi liikuntasuunnitelma, jossa liikuntasuositus täyttyy. Suunnitelman tekemiseen apua saat apua Smart moves -sivustolta. Tee viikkosuunnitelma maanantaista perjantaihin liikkumisellesi. Toteuta sen jälkeen liikuntasuunnitelmasi: Pidä liikuntapäiväkirjaa pohjautuen suunnitelmaasi viikon ajan. Lisää joka päivälle jokin kuva liikuntahetkestäsi.','Viikkosuunnitelmani liikkumiselle (ma-pe):'),(14,2,'OMA TAPA LIIKKUA','Pohdi juuri sinulle sopivia ja mieluisia tapoja liikkua. Liikkuminen voi olla ohjattu harrastus, itsenäistä treenaamista tai rentoa ajanviettoa kavereiden kesken. Käy kokeilemassa seuraavan kuukauden aikana kolme erilaista tapaa liikkua. Nappaa selfie, kun olet liikkumassa. Perustele lyhyesti, miksi valitsit tämän tavan liikkua ja millä fiiliksillä tutustuit siihen.','Kolme liikkumisen tapaa, joihin aion kuukauden aikana tutustua:'),(15,2,'HIKI VIRTAAMAAN!','Välillä saa hikikin virrata kunnolla. On olemassa monia eri tapoja, joilla voi kohottaa kuntoansa ja löytää oman tapansa liikkua. Parhaiten motivoit itseäsi liikkumaan valitsemalla sellaisen lajin, josta pidät. Vaihtoehtoja on monenlaisia ja voitkin aloittaa tutustumalla johonkin seuraavista ohjelmista: kuntosaliohjelma aloittelijat, jatkavat, cross fit, HIIT, sohvaperunan lenkkeily. Ohjelmat löydät smartmoves.fi-sivustolta (www.smartmoves.fi). Testaa seuraavan viikon aikana yhtä näistä ohjelmista. Valitse itsellesi sopivin. Ota selfie, kun olet treenaamassa ja linkitä se tähän lomakkeeseen. Kirjoita viestikenttään myös millä fiiliksillä mennään.','Ohjelma, jota aion testata?'),(16,2,'YLÖS PENKISTÄ!','Liiallinen istuminen aiheuttaa vaivoja muillekin kuin mummoille. Se on useimmille lihaksille lähes täydellinen lepotila ja aiheuttaa monia vaivoja. Seisomaan nousemalla energian kulutus kasvaa jopa 13-20% ja lihasaktiivisuus 200%. Istumista kertyy huomaamatta paljon päivän mittaan. Jos vielä teet esimerkiksi toimistotyötä, päivän aikainen istuminen ylittää helposti 8 tuntia. Nousemalla ylös penkistä, edistät terveyttäsi ja jaksat paljon paremmin. Pidä päiväkirjaa istumisestasi yhden arkipäivän ajan. Merkitse itsellesi ylös montako tuntia istut päivän aikana. ','Millä tavalla voisit vähentää istumista? Keksi viisi tapaa.'),(17,2,'ISTU OIKEIN','Istuminen on huonoksi kropalle. Varsinkin, jos istuu koko päivän töissä ja jatkaa istumista kotona, istumisen aiheuttamat vaivat ilmaantuvat varmasti. Liiallisen istumisen aiheuttamia oireita voi helpottaa istumalla oikein. Tarkista Smart Movesin sivuilta vinkkejä oikeisiin istuma-asentoihin. Pohdi tyypillisiä tilanteita vapaa-ajalta tai ammattialasi työtehtävistä, joissa istutaan. Pyydä kaveria ottamaan kuva kun istut ja kiinnitä huomiota oikeaan istumisasentoon. ','Kirjoita tähän kolme tyypillistä tilannetta ammattialaltasi, jolloin istutaan:'),(18,2,'TAUKOLIIKUNTAA','Taukoliikunta saa veren virtaamaan paikalla oleviin lihaksiin, virkistää ja auttaa keskittymään paremmin. Taukoliikunnan ottaminen omiin rutiineihin on myös työelämän kannalta suositeltavaa: pidät työkyvystäsi huolta, kun ehkäiset etukäteen huonojen työasentojen ja työn kropalle aiheuttamaa rasitusta. Taukoliikunta on myös helppoa ja nopeaa, se ei vaadi kuin muutaman minuutin venyttelyyn ja esimerkiksi selän oikaisemiseen. Tee viikon aikana vähintään 3 kertaa välituntisin tai oppitunnin aikana jotakin aktiivista toimintaa. Kuvaile mitä teit ja arvioi fiiliksiäsi. ','Mitä hyötyä taukoliikunnasta on kropalle ja jaksaminen? Mieti kolme asiaa'),(19,2,'Kerää askeleita','Päivittäinen liikkuminen ja liikuntatottumukset vaikuttavat paljon jaksamiseesi ja oloosi kaiken kaikkiaan. Esimerkiksi 10 000 askelta päivässä edistää jo melkoisesti terveyttäsi. Tärkeintä on kuitenkin pohtia miten itse voisi lisätä liikkumistaan päivän aikana. Liikkumista voi lisätä pienillä muutoksilla päivittäisissä rutiineissa. Lataa puhelimeesi askelmittarisovellus. Sovelluksen avulla voit tarkkailla päivittäisiä askeleitasi.  Testaa ensin, kuinka monta askelta kertyy yhden päivän aikana? Kun tiedät päivittäisen askelmääräsi, kokeile sen jälkeen pystytkö kasvattamaan sitä 2000 askeleella päivässä ja pitämään sen jälkeen tason kolmen päivän ajan. ','Mistä kaikista asioista voit päivän aikana kerryttää askelia? Mieti viisi vaihtoehtoa:'),(20,2,'Tuunaa itsesi Ammattikuntoon!','Ammattilaisuuteen liittyy ammattitaidon kartuttamisen lisäksi myös ammattikunto. Rautaisen ammattitaidon lisäksi tarvitset myös ammattikuntoa. Ammattitaito + Ammattikunto = 100 % Ammattilainen. Käy tekemässä oma profiili Ammattikuntoon.fi-sivustolle. Rekisteröidy palveluun klikkaamalla ”Luo tili”. Vastaa sivustolla hyvinvointikyselyyn. Kyselyn tarkoituksena on kartoittaa tämänhetkinen ammattikuntosi. Tehtyäsi kyselyn, saat palautteen omasta ammattikunnostasi. Valitse palautteen jälkeen yksi liikuntahaaste. Suorita sitä kahden viikon ajan, ohjeistuksen saat päivittäin Ammattikuntoon.fi-palvelusta netin tai mobiilisovelluksen kautta. ','Minkä haasteen valitsit?'),(21,3,'Pieni päätös päivässä','Pienillä teoilla voi valtavasti vaikuttaa omaan hyvinvointiinsa. Se voi olla päätös kävellä koulumatkat, kasvisten lisääminen ruokavalioon tai päätös nukkua kunnon yöunet. Vinkkejä pieniin päätöksiin löydät Yksi elämä -hankkeiden Pieni päätös päivässä -verkkosivulta. Tutustu Pieniä päätöksiä -sivuston Faktat-osioon. Alavalikosta voit valita kategorioita, joissa on vinkkejä ja faktoja asioista, joilla voit parantaa hyvinvointiasi. Lue läpi liikunta, ravinto ja stressi -kategoriat ja niiden faktat. ','Kirjoita alle faktojen perusteella kolme pientä päätöstä, joiden avulla voit parantaa hyvinvointiasi. '),(22,3,'Mielialapäiväkirja','Omilla ajatuksillaan voi paljon vaikuttaa tunteisiin, jotka taas vaikuttavat mielialaan. Jos on aamusta asti sitä mieltä, että päivä on huono, siitä helposti tulee huono. Omaa mielialaan pystyykin vaikuttamaan, kun vain oppii huomaamaan, miten paljon voimaa omilla ajatuksilla oikein on. Omien ajatusten muuttamista voi opetella. Ajattelun taitoa voi kehittää tunnistamalla omia ajatuksia ja pyrkiä joka hetki tiedostamaan, mitä ajattelee ja miten se vaikuttaa omaan käyttäytymiseen. Voit harjoitella omien tunteiden tunnistamista. Se auttaa ymmärtämään omia mielialojasi ja tilanteiden yhteyttä. Seuraa mielialaasi viikon ajan.','Millaisilla asioilla voi vaikuttaa omaan mielialaan? Keksi viisi.'),(23,3,'Mielen hyvinvoinnin suojatekijät','Mielen hyvinvoinnin voimavaroja kertyy, kun pitää huolta jaksamisestaan ja tekee niitä asioita, joista tykkää. Mielen hyvinvointia voikin edistää vahvistamalla sen suojatekijöitä. Suojatekijöitä ovat esimerkiksi liikkuminen, hyvät kaverisuhteet, perhe ja ystävät, kivat harrastukset, opiskelu, asioista puhuminen, omien tunteiden ilmaiseminen ja turvallinen koti ja ympäristö. Mieti omia selviytymiskeinojasi. Kysymyksiin saat tukea Selviytyjän purjeet – mallista tai Mielenterveyden käsi -mallista.','Mieti viisi tärkeintä asiaa, jotka ovat omia suojatekijöitäsi. '),(24,3,'Tunteellinen vai tunteeton?','Tunteet ovat ihmiselle tarpeellisia ja tärkeitä. Jokaista tunnetta tarvitaan. Ihmisen ei kuitenkaan pitäisi jumittua yhteen tunnetilaan tai joutua sulkemaan tunteet itsensä ulkopuolelle selviytyäkseen. Omia toimitapojaan, ajatuksiaan ja tunteitaan on hyvä pysähtyä kuuntelemaan ja tunnistamaan. Tunnetaitoja tarvitaan monissa sellaisissa asioissa, joita teemme päivittäin. Valitse tunteiden 3 eri tunnetta. Mieti sen jälkeen, millainen musiikki kuvaisi alla olevia tunteita? Linkitä musiikkivideon osoite tunteen kohdalle. Vaihtoehtoisesti voit etsiä tunteisiin liittyviä kuvia (esimerkiksi kasvokuvia), jotka linkität kyseisen tunteen kohdalle. Kuvaile, miten musiikkivideo tai kuva mielestäsi liittyy tunteeseen. ','Valitsemani kolme tunnetta'),(25,3,'Tunnekuvat','Tunnetaidot ovat osa mielen hyvinvointia ja niitä voi vahvistaa harjoittelemalla. Tunteet ovat jatkuvasti mukana ja ne ovat yksilöllisiä, kaikki eivät tunne samoissa tilanteissa samalla tavalla. Tunteiden tunnistaminen ei aina ole helppoa. Kun tunnistaa tunteensa ja oman käyttäytymisensä, niitä pystyy paremmin hallitsemaan. Samalla oppii myös ymmärtämään muiden käyttäytymistä. Esimerkiksi vihastuessaan voi miettiä, mikä tilanteessa itseä oikein suututti ja onko asia oikeasti niin iso ja tärkeä, että sen vuoksi kannattaa hukata energiaansa.','Harjoittele tunteiden tunnistamista. Etsi kuva, joka vastaa tämän hetken tunteita tai ajatuksiasi.  Voit ottaa kuvan myös itse. Valisemani tunne:'),(26,3,'Mukavat hetket','Aivot reagoivat herkemmin kielteisille asioille. Tämä on ollut ihmislajin tärkeä selviytymiskeino: on tärkeämpi huomioida vaarat kuin ihailla sateenkaarta. Tästä syystä me herkemmin muistamme päivästä ne huonosti sujuneet hetket, mutta unohdamme ne mukavat hetket. Koko aikaa ei tarvitse ilahtua kaikista asioista ja hymyillä. Kuitenkin aina kun on mahdollista, kannattaa aivoja ohjata huomaamaan arjesta kivoja juttuja. Kun harjoittelee huomaamaan tavallisesta päivästä pieniä hyviä juttuja, fiilis arjesta kohenee. Kun suhtaudut omaan elämääsi myönteisesti, auttaa se myös ongelmatilanteiden läpi. Poimi tämän päivän tapahtumista kolme mukavaa hetkeä.','Mistä asioista pidät? Mitkä asiat piristävät sinun päivääsi? Mieti kolme.'),(27,3,'Rentoutuminen','Kiireen, elämäntilanteen ja huolten keskellä on hyvä opetella myös rentoutumaan. Rentoutuminen kannattaa, koska se rauhoittaa ennen jännittävää tilannetta, se virkistää kesken hektisen päivän, se auttaa tunteiden ja ajatusten hallinnassa ja se auttaa nukahtamaan. Kokeile jotain seuraavista kolmesta rentoutumiskeinosta tai keksi oma. Lue esittelyt tarkemmin Alpo.fi-sivustolta Rentoutuminen -tehtäväkortista (pikarentoutus kesken koulu- tai työpäivän, rentoutus ennen jännittävää hetkeä tai jännittynyt vai rento). Voit myös keksiä oman rentoutuksen.','Millaisen rentoutumiskeinon valitsit? '),(28,3,'Sokeria?','Sokerissa ei ole lainkaan ravintoaineita, ainoastaan energiaa. Sokeri vahingoittaa hampaita ja haittaa aineenvaihduntaa, joka taas aiheuttaa ylipainoa. Karkeasti arvioituna miesten maksimisuositus sokerimäärälle on noin 26 palaa päivässä ja naisten 22 palaa päivässä. Väsymys ja lyhyet yöunet lisäävät sokerinhimoa. Energiajuomiin on helppo ratketa silloin, kun tuntuu, että energiat ovat vähissä ja pitäisi jaksaa. Energiajuomissa on kuitenkin pelkkää tyhjää energiaa, joka on pääosin sokerin muodossa. Selvitä internetistä, kuinka paljon erilaisissa välipaloissa on sokeripaloja. Vinkkejä saat mm. täältä (http://syohyvaa.fi/sokeripommit/). Pohdi tänään syömiäsi ruokia/välipaloja ja niiden sokerimääriä. ','Luettele kolme syömääsi ruokaa/välipalaa ja niiden sokerimäärät sokeripaloina'),(29,3,'Syö hyvin','Mietitkö koskaan, mitä on lautasellasi? Suuhun laittamallasi ruualla on aika suuri merkitys hyvinvoinnillesi. Ei ole yhtä tapaa syödä hyvin. Yhteistä kuitenkin kaikille hyville ruokavalinnoille on monipuolisuus ja se, että syöt kasviksia. Lautasmallin avulla ruokamäärät säilyvät kohtuullisina ja terveellisen ruokavalion periaatteet toteutuvat. Lautasmallin mukaan lounaassa tulisi olla puolet kasviksia, ¼ perunaa, riisiä tai pastaa ja ¼ lihaa tai kalaa. Linkki: http://tervekoululainen.fi/elementit/ravinto/arkiruokailu/lautasmalli','Seuraa lounasruokailuasi viiden päivän ajan. Ota kuva jokaisena päivänä ruoka-annoksestasi ja arvioi sen terveellisyyttä. Kuvaile alapuolelle missä kävit syömässä lounaan eri päivinä.'),(30,3,'Pelipäiväkirja','Pelaaminen on hauskaa ajanvietettä ja tekemistä kavereiden kanssa. Pelaaminen tuo viihdettä, jännitystä ja haasteita ja sen avulla voi oppia jopa uusia taitoja. Joskus peleihin voi tosin uppoutua pidemmäksi aikaa, kuin olisi tarve. Jos pelaaminen menee nukkumisen, muiden harrastusten ja velvollisuuksien edelle, kannattaa hetki miettiä, kumpi määrää elämässä - sinä vai pelaaminen. Pelipäiväkirja on tarkoitettu oman digipelaamisen tarkasteluun ja hallintaan. Palvelussa voit esimerkiksi pitää kirjaa peleihin käyttämästäsi ajasta, asettaa itsellesi rajoja pelaamisen suhteen tai laatia suunnitelman pelaamisen vähentämiseksi. Täytä EHYT ry:n Pelipäiväkirjaa viikon ajan ja pohdi sen jälkeen seuraavia kysymyksiä','Keksi yksi syy, miksi pelaaminen on hyödyllistä sekä yksi syy sille, miksi pelaaminen on haitallista'),(31,3,'Seurustelu','Seurusteleminen vaatii ihmissuhdetaitojen opettelemista ja ihmissuhdetaidot pääsevät siinä koetukselle. Seurustellessa joutuu ottamaan tekemisissään myös toisen ihmisen huomioon. Seurusteleva pari luo itse yhdessä pelisäännöt sille, mitä seurustelu on. Sen perusta on luottamus ja se, että tuntee olonsa toisen seurassa hyväksi ja turvalliseksi. Tutustu Väestöliiton sivuilta löytyviin parisuhteen vaiheisiin. Etsi sen jälkeen netistä musiikkivideo, joka kuvaa ajatuksiasi seurustelusta ja parisuhteesta. Vaihtoehtoisesti voi liittää tehtävän parisuhdetta kuvaavan kuvan. Voit myös kokeilla Samarakas-nettitestiä. ','Mitä asioita mielestäsi kuuluu hyvään parisuhteeseen? Luettele viisi asiaa'),(32,3,'Ehkäisyllä seksuaaliterveyttä','Seksuaaliterveys rakentuu koko elämän ajan portaittain. Se on kasvua ja kehitystä mieheksi ja naiseksi ja sen ymmärtämistä, itsensä ja toisen arvostamista ja suojaamista. Seksuaaliterveyden kannalta on yhtä tärkeää ymmärtää, milloin tulee hakeutua lääkäriin murrosiän ongelmien vuoksi kuin osata suojautua seksitaudeilta. Yksi tärkeä osa omasta seksuaaliterveydestä huolehtimista on ehkäisystä huolehtiminen. Ehkäisyn tarve muuttuu seurustelun eri vaiheissa ja elämätilanteiden mukaan. Ehkäisyn käyttö on merkki siitä, että välität itsestäsi ja arvostat kumppaniasi. Kondomi on usein ensimmäinen ja paras ehkäisyvaihtoehto, sillä se suojaa oikein käytettynä seksitaudeilta ja raskaudelta. Tutustu ehkäisytapoihin Väestöliiton sivuilla. Millaisia ehkäisytapoja on olemassa? ','Luettele viisi perusteltua syytä, miksi ehkäisystä kannattaa huolehtia'),(33,3,'Seksuaalioikeudet','Seksuaaliterveyden saavuttamiseksi ja ylläpitämiseksi kaikkien ihmisten seksuaalioikeuksia tulee kunnioittaa ja suojata. Seksuaalioikeudet koskevat kaikkia maailman nuoria sukupuolesta, ihonväristä, seksuaalisesta suuntauksesta tai terveydentilasta riippumatta. Tutustu nuorten seksuaalioikeuksiin Väestöliiton nuorille suunnatuilla sivuilla. Tutustuttuasi seksuaalioikeuksiin voit pelata Digipähkinä-tietopeliä. Mikä merkitys seksuaalioikeuksilla on? Tutustu Väestöliiton Leima-lehteen (google: väestöliitto leima). Tutustu myös Leima-virtuaalilehdessä globaaleihin seksuaalioikeuksiin (esimerkiksi Uutisia maailmalta -artikkelit). ','Etsi viisi mielestäsi tärkeintä seksuaalioikeutta ja luettele ne tähän. Perustele valintasi myös muutamalla sanalla.'),(34,3,'Superori - peli pojille','Seksuaaliterveys herättää paljon kysymyksiä. Kukaan ei tiedä kaikkia vastauksia ja tyhmiä kysymyksiä ei ole olemassakaan. Tärkeää on myös muistaa, että seksi on hyvin yksityinen ja hieno asia, eikä sitä voida arvioida toisen ihmisen tai kokemuksen mukaan. Voit lukea lisää seksistä Väestöliiton nuorille suunnatuilta sivuilta. Pelaa Superori-peliä. Se on virtuaalinen tietopeli, joka sisältää kysymyksiä liittyen kasvuun ja kehitykseen, fyysisiin muutoksiin, normaaliuden määrittämiseen, ehkäisyyn, seksiin, seurusteluun ja ihmissuhdetaitoihin. Pelissä pelihahmo kehittyy sitä mukaa, kun pelaaja siirtyy pelissä ylemmälle tasolle. Pelattuasi vastaa seuraaviin kysymyksiin.','Kuinka paljon sait pisteitä? '),(35,3,'Liikennekäyttäytyminen','Osa oman hyvinvoinnin edistämistä on vastuullinen liikennekäyttäytyminen. Nuorille sattuu erittäin paljon vakavia onnettomuuksia, joiden syyt ovat omassa käyttäytymisessä. Nuorena ei välttämättä ajattele, millaisia vaaratilanteita oma toiminta voi aiheuttaa ja miten vakavia seuraukset voivat olla. Sosiaaliset tekijät vaikuttavat paljon riskikäyttäytymiseen. Nuori helposti yliarvioi omat kykynsä ja aliarvioi toimintaan liittyvät riskit. Keskeistä on tunnistaa se, miten esimerkiksi kavereiden toiminta vaikuttaa omaan toimintaan. Tee joku seuraavista Liikenneturvan testeistä: Mopon pysähtymismatka, Auton pysähtymismatka, Törmäysnopeus autolla tai Virevahti (googleta). Voit myös pelata Liikenneturvan sivuilla Liikenne ja päihteet -visaa. Katso Liikenneturvan video sekä tutustu tilastoon nuorten tieliikenneonnettomuuksista.  Vastaa sen jälkeen alla oleviin kysymyksiin. ','Miten voit omalla toiminnallasi pienentää omaa riskiäsi joutua liikenneonnettomuuteen? Mieti kolme asiaa.'),(36,3,'Oikeaoppisesti liikenteessä','Kaikille on selvää, miksi liikennesäännöt ovat olemassa. Jostain kumman syystä, niitä ei silti aina noudateta. Nuoret aiheuttavat paljon vaaratilanteita omalla käyttäytymisellään, johtui se sitten kavereiden painostuksesta tai ajattelemattomuudesta. Vaikka nuoret tiedostavatkin lakien ja liikennesääntöjen merkitykset, silti monet ottavat turhia riskejä: yliarvioivat omat mahdollisuutensa ja aliarvioivat riskit. Lue lisää Liikenneturvan nuoria koskevasta sivustosta. Kuvaa koulumatkallasi riskikohtia liikenteessä (vähintään kolme tilannetta tai kohtaa). Lataa kuvat tehtävänannon loppuun. Vastaa sen jälkeen seuraaviin kysymyksiin.','Perustele, miksi valitsit kyseiset kuvat. Miten ne kuvaavat riskikohtia?'),(37,3,'Napostellen','Useimmiten jaksat parhaiten, jos syöt tasaisesti pitkin päivää. Pitkät paastot tai vastaavasti jatkuva syöminen rasittavat elimistöä. Säännöllisellä syömisellä energiataso pysyy tasaisena, väsymys ei yllätä eikä tule ahmittua isoja määriä ruokaa kerralla. Aterioiden välillä on hyvä pitää 3-5 tunnin väli. Aina ei arjessa pysty pitämään ateriarytmistä kiinni. Mutta esimerkiksi kouluruokailussa käyminen silloin kun siihen on mahdollista, auttaa pitämään energiarytmin tasaisena. Jos jättää kunnon lounaan väliin, tulee helposti sorruttua naposteluun, joka loppujen lopuksi saattaa kerryttää enemmän energiaa ja vähemmän tarvittavia ravintoaineita kuin kunnon aterian syöminen.','Kirjaa alle kuinka monta kertaa söit päivän aikana. '),(38,3,'Suolaista','Liika suolan käyttö kohottaa verenpainettasi ja haittaa muutenkin sydämesi toimintaa. Elimistö tarvitsee suolasta saatavaa natriumia, mutta vain alle gramman päivässä, joten lisättyä suolaa ei oikeastaan tarvita ollenkaan. Suolaa on piilossa monissa elintarvikkeissa, esimerkiksi: leivissä, valmisruuissa, leikkeleissä ja juustoissa. Saat syödä päivän aikana suolaa vain alle viisi grammaa päivässä. Tämä ylittyy erittäin helposti päivän aikana. Vastaa suolankäyttöäsi koskeviin kysymyksiin. Pohdi myös, millä asioilla voisit vähentää suolankäyttöä. ','Millä asioilla voit vähentää suolankäyttöäsi? Luettele viisi esimerkkiä'),(39,3,'Tunne riskikulutuksen rajat','Alkoholin käyttäminen on taitolaji. Sen vuoksi onkin hyvä tunnistaa omat rajansa ja riskikulutuksen raja. Työikäiselle miehelle riskikulutuksen raja on seitsemän annosta päivässä tai 24 viikossa ja naiselle viisi päivässä tai 16 viikossa. Tutustu Ehkäisevä päihdetyö EHYT ry:n sivustoon www.taitolaji.fi. Lataa tämän jälkeen EHYT ry:n sivuilta ilmainen OttoMitta-sovellus ja testaa vaikkapa kuvitteellisella henkilöllä alkoholin kulutusta viikon verran sekä tutustu riskirajoihin. Kun sovellukseen kirjaa nauttimiensa alkoholiannosten tiedot, kuten juoman laadun, määrän ja hinnan, OttoMitta laskee vaikkapa kalorit ja rahankulutuksen.','Kerro, kuinka paljon on yksi alkoholiannos oluena, viininä ja viinana? Ota esimerkit Ottomitasta'),(40,3,'Juominen ja sosiaaliset suhteet','Alkoholin käyttö on taitolaji. Tee sosiaalisen vastuun testi EHYT ry:n Taitolaji-sivuilla. Jos et käytä alkoholia, tee testi kuvitteellisesti. Testin avulla voi pohtia oman alkoholinkäytön vaikutuksia muihin ihmisiin. Tulosta ei tarvitse lähettää kenellekään, se on itsellesi oman pohdinnan tueksi. Kun olet tehnyt testin ja tutustunut sivustoon, tee seuraava tehtävä.','Mitä ovat mielestäsi alkoholin haittavaikutuksia suhteessa muihin ihmisiin?'),(41,3,'Tupakointi ja tupakkatuotteet','Tupakoinnin vaarat ja seuraukset tietävät kaikki, tai ainakin on saanut elää aikalailla tynnyrissä, jos niistä ei ole mitään kuullut. Mutta tiedätkö, mitä positiivista seuraa siitä, jos lopettaa tupakoinnin? Mieti hetki, mitä tapahtuu kun ihminen vähentää tupakointia tai lopettaa sen kokonaan? Voit etsiä tietoa esimerkiksi täältä: http://www.fressis.fi/tupakka/lopettamisen-hyodyt ','Luettele mielestäsi 5 merkityksellisintä hyötyä omasta mielestäsi tupakoinnin lopettamiselle.'),(42,3,'Kannabis','Kannabis on laiton päihde. Sen kokeilu ja käyttö ovat kuitenkin yleistyneet ja siihen liittyen voi tulla vastaan monenlaisia mielipiteitä. Kannabiksesta liikkuu paljon ajatuksia, joihin monet uskovat, mutta joilla ei välttämättä ole mitään totuuspohjaa. Pohdi väitteet kannabiksen käytön puolesta ja sitä vastaan, jotka perustelet kannabismyyttien avulla. Vastaa sen jälkeen kannabismyytteihin, onko väittämä totta vai tarua vai kenties molempia? Tutustu sen jälkeen YAD Youth Against Drugs -yhdistyksen kannabismyytteihin nuortenlinkki.fi -sivustolla. ','Väitteeni kannabiksen puolesta ja vastaan'),(43,4,'Ryhmän rakentaminen','Oppilaitoksessa toimitaan monenlaisissa ryhmissä, kuten kaveriryhmissä tai erilaisissa opiskeluryhmissä. Ryhmässä toimimisen taitoja kannattaa harjoitella, sillä harva työskentelee työssä, jossa ei joudu toisten ihmisten kanssa tekemisiin.  Ryhmän ilmapiiri, luottamus ja avoimuus rakentavat omalta osaltaan ryhmän turvallisuutta. Onkin hyvä, että ryhmässä olisi säännöt, jotta kaikki tietävät, miten ryhmässä ollaan ja toimitaan.','Kirjoita ja numeroi omalle opiskeluryhmällesi viiden kohdan säännöt alapuolelle ja tee sitten tehtävä. '),(44,4,'Viihtyisä oppilaitos','On aivan sama, miten hienot välituntitilat oppilaitoksessa ovat, jos ihmiset eivät koe oloaan hyväksi ja turvalliseksi.  Oppilaitoksen viihtyisyyttä ei paranneta pelkästään oppilaitosta remontoimalla, vaan siihen pitää vaikuttaa pitkin kouluvuotta. Jokainen pystyy pienillä asioilla paljonkin vaikuttamaan ilmapiiriin. Oppilaitoksessasi on varmasti monia asioita, jotka tekevät siitä viihtyisän - ja samalla löytyy varmasti myös parannettavaa. ','Millaisissa paikoissa ja ryhmissä olet itse viihtynyt? Mitkä asiat vaikuttivat siihen, että pidit niistä? '),(45,4,'Opiskelijakuntatoiminta','Jokaisessa oppilaitoksessa pitää lain mukaan olla opiskelijakunta, joka edustaa opiskelijoiden ääntä. Opiskelijakunta rakentaa oppilaitokseen yhteishenkeä, pitää huolta, että oppilaitoksen suunnittelussa otetaan huomioon opiskelijoiden mielipiteet sekä toimii opiskelijoiden äänenä ja vaikuttamisen kanavana oppilaitoksessa. Kaikissa oppilaitoksissa opiskelijat eivät välttämättä ole edes tietoisia, millaisiin asioihin ja miten opiskelijakunnan kautta oikein voi vaikuttaa. Selvitä alla olevat asiat kyselemällä opettajaltasi, ryhmänohjaajaltasi tai opiskelukavereiltasi. ','Kuka tai ketkä vastaavat opiskelijakuntatoiminnasta omassa oppilaitoksessasi. '),(46,4,'Tutortoimintaa!','Tutortoiminnalla rakennetaan oppilaitoksen viihtyisyyttä ja yhteishenkeä. Tutorit toimivat oppaana ja tukena oppilaitoksessa sekä järjestävät toimintaa ja tapahtumia. Tutorit pitävät huolen siitä, että oppilaitoksessa on kivaa ja hyvä olla. Tutortoimintaan voi mennä mukaan kuka tahansa, joka haluaa auttaa muita sekä on valmis edistämään hyvinvointia oppilaitoksessa. Tutortoiminnassa yksi tärkeä osa on yhteisten tapahtumien ja toiminnan järjestäminen sekä osallisuuden kehittäminen oppilaitoksessa. ','Kuka oppilaitoksessasi vastaa tutortoiminnasta? '),(47,4,'Turvallinen netti','Netistä löytää paljon asioita, jotka voivat vaikuttaa meidän asenteisiin ja ymmärrykseemme toisia ihmisiä kohtaan. Internetin tarjoamaa tietoa on hyvä oppia ymmärtämään ja kritisoimaan. Kaikkia asioita ei kannata viedä nettiin tai sosiaaliseen mediaan. Esimerkiksi kuvia on jälkeenpäin vaikea saada pois, varsinkin, jos niitä on jakanut julkisesti. On myös järkevää ajatella ihan työelämän kannalta, että millaisia asioita haluat itsestäsi netistä löytyvän. Lisäksi verkkoa ja sosiaalista mediaa käytetään monella tapaa hyödyksi myös rikollisessa toiminnassa. Tutustu Väestöliiton nuorille suunnattujen nettipalvelujen turvallisuus -osioon. Katso Youtubesta videot Anssi tai Kiehnäystä. Vastaa sen jälkeen seuraaviin kysymyksiin.','Millä asioilla pidät huolen omasta turvallisuudestasi internetissä? Luettele viisi asiaa.'),(48,4,'Netiketti','Netillä on paljon hyviä ominaisuuksia ja siellä voi oppia valtavasti uusia asioita, tavata uusia ihmisiä ja muodostaa sosiaalisia verkostoja. Mutta sillä on myös haittapuolensa: siellä voi esiintyä nimettömänä ja kaikki tieto, mitä sieltä löytyy, ei ole aina luotettavaa. Netissä on myös helppo heitellä ikäviä kommentteja ja siellä kiusaaminen ja syrjiminen ovat helppoa piilossa nimimerkkien takana. Netiketin pohtiminen ja noudattaminen auttavat ymmärtämään omaa ja muiden käyttäytymistä netissä. Sillä voi myös pohtia omien tekojensa ja sanojensa seurauksia toisiin, kaikilla esimerkiksi ei ole samanlainen huumorintaju kuin sinulla ja kaikkea nettiin lataamaansa ja kirjoittamaansa kannattaa pohtia kaksi kertaa. ','Pohdi, miten oman yksityisyytensä voi suojata netissä? Mieti kolme asiaa'),(49,4,'Leima otsassa? ','Yksi tärkeimmistä ihmisen oikeuksista on oikeus olla itsensä. Ihmiset ovat onneksi monimuotoisia olentoja, eikä tasan samanlaista ihmistä kävele koskaan vastaan. Me määrittelemme joskus helposti ihmisiä tietyillä sanoilla, jotka juuttuvat vain yhteen ihmisen piirteeseen (homo, nörtti, vammainen). Ihmisissä on kuitenkin monta muutakin puolta. Omia ennakkoluulojaan kannattaa haastaa. Emme itsekään haluaisi, että meidät leimattaisiin vain yhden piirteen perusteella. Jokaisella on oikeus olla juuri sellainen kuin mitä on ja haluaa olla. Lue Väestöliiton Leima-lehti ja haasta omat ajatuksesi (google: väestöliitto leima).','Millaisista asioista ennakkoluulot voivat johtua? Mieti kolme asiaa:'),(50,4,'Arvot ja asenteet','Ihmisen asenteita ja arvoja voidaan jakaa neljään arvokenttään. ”Arvostan” arvokenttä sisältää ihmisiin liittyvät asiat, ominaisuudet ja toimintatavat, joita pidämme tärkeinä ja joita kunnioitamme. ”Hyväksyn” alueella on asioita, joita pidämme ”ihan ok” juttuina, mutta emme erityisesti arvosta. ”Sietämisen” kenttä sisältää asioita, jotka hyväksymme, mutta emme koe hyvänä. ”Vaikea sietää” alueella on asioita, joiden sietäminen on meille vaikeampaa.','Kuvaile omaa arvokenttääsi. Kirjoita alapuolelle jokaiseen arvokenttään jokin asia, ilmiö ominaisuus tai toimintatapa ihmisiin liittyen. '),(51,4,'Suomalaisuus','Jokaisella yhteisöllä on sen toimintaa ohjaavia arvoja. Arvot näkyvät ihmisten toiminnassa ja ajattelutavoissa. Myös arvot voivat muuttua ajan kuluessa. Omien arvojen ja asenteiden taustojen ymmärtäminen on ensi askel erilaisuuden ymmärtämiseen. ','Etsi netistä kirjoituksia suomalaisista arvoista. Kirjoita ja numeroi alapuolelle kolme suomalaisuuteen liittyvää arvoa. '),(52,4,'Kulttuuripassi','Kulttuurista saa iloa ja vaihtelua arkeen. Kulttuuriaktiviteetteihin kuuluu mm. elokuvissa käynti, bändin keikat tai taidenäyttelyissä käynti. Tässä tehtäväkortissa kokeilet kulttuuriaktiviteetteja. Vieraile vähintään viidessä eri kulttuuritapahtumassa. Keräät niistä liput talteen, ota kuvia ja dokumentoi jollain tavalla osallistumisesi opettajallesi. ','Suunnittele missä kulttuuritapahtumissa käyt ja kirjoita ja numeroi ne alapuolelle. Esim. valokuva- ja taidenäyttely, konsertit, bändin keikka, kulttuuritapahtuma, festari, elokuvissa käynti.'),(53,5,'Muistilista','Kiirettä on kaikilla joskus. Kiirettä voi kuitenkin oppia hallitsemaan. Joskus kannattaa istua alas ja kirjoittaa asiat tärkeysjärjestykseen. ','Kirjoita alapuolelle ensin asia, joka sinun täytyy tehdä mahdollisimman pian, kirjoita sen jälkeen asia, joka on tärkeysjärjestyksessä seuraava ja lopuksi asia, jonka teet kun siihen on aikaa. Asioiden laittaminen tärkeysjärjestykseen auttaa sinua hahmottamaan omaa ajankäyttöäsi. '),(54,5,'Mihin käytät aikasi: Suunnittelu','Hyvään päivään kuuluu riittävä lepo ja nukkuminen, terveellinen ruokailu, mielekkäät harrastukset, ihmissuhteiden hoitaminen ja sopiva määrä liikkumista. ','Arvioi, kuinka monta tuntia käytät päivässä seuraaviin asioihin 1) Nukkuminen ja ruokailu 2) Opiskelu ja mahdollinen työ 3) Liikunta 4) Harrastukset ja vapaa-aika 5) Sosiaaliset suhteet. Seuraa ajankäyttöäsi seuraavan vuorokauden ajan ja täytä tehtäväkortin loppuosa.'),(55,5,'Mihin käytät aikasi: Toteutus ','Olet tehnyt jo kortin ajankäytöstäsi. Aseta itsellesi tehtäväkortin pohjalta uudet ajankäytön tavoitteet. Seuraa toteutuvatko tavoitteen seuraavan vuorokauden aikana ja onnistuitko muuttamaan tottumuksiasi. ','Kirjoita alapuolelle itsellesi tuntitavoitteet seuraaviin toimintoihin: 1) Nukkuminen ja ruokailu 2) Opiskelu ja mahdollinen työ 3) Liikunta 4) Harrastukset ja vapaa-aika 5) Sosiaaliset suhteet');
/*!40000 ALTER TABLE `worksheets` ENABLE KEYS */;
UNLOCK TABLES;
/*!40103 SET TIME_ZONE=@OLD_TIME_ZONE */;

/*!40101 SET SQL_MODE=@OLD_SQL_MODE */;
/*!40014 SET FOREIGN_KEY_CHECKS=@OLD_FOREIGN_KEY_CHECKS */;
/*!40014 SET UNIQUE_CHECKS=@OLD_UNIQUE_CHECKS */;
/*!40101 SET CHARACTER_SET_CLIENT=@OLD_CHARACTER_SET_CLIENT */;
/*!40101 SET CHARACTER_SET_RESULTS=@OLD_CHARACTER_SET_RESULTS */;
/*!40101 SET COLLATION_CONNECTION=@OLD_COLLATION_CONNECTION */;
/*!40111 SET SQL_NOTES=@OLD_SQL_NOTES */;

-- Dump completed on 2016-11-09 18:46:05
